simNo10,s100,m1000,h1,minVAF0.005,ISAV0,n300,fp0.001,fn0.05,na0.05,d0,l1000000,fastral_wrootx,5570644238,0.9668912726876894
simNo10,s100,m1000,h1,minVAF0.005,ISAV0,n300,fp0.001,fn0.2,na0.05,d0,l1000000,fastral_wrootx,4140676352,0.9115490552275145
simNo10,s100,m300,h1,minVAF0.005,ISAV0,n1000,fp0.001,fn0.05,na0.05,d0,l1000000,fastral_wrootx,130726596747,0.9729675980035898
simNo10,s100,m300,h1,minVAF0.005,ISAV0,n1000,fp0.001,fn0.2,na0.05,d0,l1000000,fastral_wrootx,91932178505,0.913806217572609
simNo10,s100,m300,h1,minVAF0.005,ISAV0,n300,fp0.001,fn0.05,na0.05,d0,l1000000,fastral_wrootx,1020148797,0.9669532816949689
simNo10,s100,m300,h1,minVAF0.005,ISAV0,n300,fp0.001,fn0.2,na0.05,d0,l1000000,fastral_wrootx,741697744,0.9267767262922164
simNo1,s100,m1000,h1,minVAF0.005,ISAV0,n300,fp0.001,fn0.05,na0.05,d0,l1000000,fastral_wrootx,5513562198,0.9694572711861361
simNo1,s100,m1000,h1,minVAF0.005,ISAV0,n300,fp0.001,fn0.2,na0.05,d0,l1000000,fastral_wrootx,4125224087,0.9059999572382464
simNo1,s100,m300,h1,minVAF0.005,ISAV0,n1000,fp0.001,fn0.05,na0.05,d0,l1000000,fastral_wrootx,185726108272,0.9712728394461159
simNo1,s100,m300,h1,minVAF0.005,ISAV0,n1000,fp0.001,fn0.2,na0.05,d0,l1000000,fastral_wrootx,135052673411,0.9041344238597574
simNo1,s100,m300,h1,minVAF0.005,ISAV0,n300,fp0.001,fn0.05,na0.05,d0,l1000000,fastral_wrootx,1515021997,0.9740320505768217
simNo1,s100,m300,h1,minVAF0.005,ISAV0,n300,fp0.001,fn0.2,na0.05,d0,l1000000,fastral_wrootx,1103508907,0.8988097749960007
simNo2,s100,m1000,h1,minVAF0.005,ISAV0,n300,fp0.001,fn0.05,na0.05,d0,l1000000,fastral_wrootx,3121764623,0.971524717916517
simNo2,s100,m1000,h1,minVAF0.005,ISAV0,n300,fp0.001,fn0.2,na0.05,d0,l1000000,fastral_wrootx,2301478809,0.9343556061054193
simNo2,s100,m300,h1,minVAF0.005,ISAV0,n1000,fp0.001,fn0.05,na0.05,d0,l1000000,fastral_wrootx,157591613905,0.9526707971183532
simNo2,s100,m300,h1,minVAF0.005,ISAV0,n1000,fp0.001,fn0.2,na0.05,d0,l1000000,fastral_wrootx,120548406092,0.8530297535064335
simNo2,s100,m300,h1,minVAF0.005,ISAV0,n300,fp0.001,fn0.05,na0.05,d0,l1000000,fastral_wrootx,1376526283,0.9584328413990509
simNo2,s100,m300,h1,minVAF0.005,ISAV0,n300,fp0.001,fn0.2,na0.05,d0,l1000000,fastral_wrootx,1078304315,0.8606838188508112
simNo3,s100,m1000,h1,minVAF0.005,ISAV0,n300,fp0.001,fn0.05,na0.05,d0,l1000000,fastral_wrootx,3232093111,0.9684958813208269
simNo3,s100,m1000,h1,minVAF0.005,ISAV0,n300,fp0.001,fn0.2,na0.05,d0,l1000000,fastral_wrootx,2396761043,0.9291940313403454
simNo3,s100,m300,h1,minVAF0.005,ISAV0,n1000,fp0.001,fn0.05,na0.05,d0,l1000000,fastral_wrootx,147958983425,0.9604344378798026
simNo3,s100,m300,h1,minVAF0.005,ISAV0,n1000,fp0.001,fn0.2,na0.05,d0,l1000000,fastral_wrootx,109335695845,0.8777533152709867
simNo3,s100,m300,h1,minVAF0.005,ISAV0,n300,fp0.001,fn0.05,na0.05,d0,l1000000,fastral_wrootx,1160306355,0.9580195807148506
simNo3,s100,m300,h1,minVAF0.005,ISAV0,n300,fp0.001,fn0.2,na0.05,d0,l1000000,fastral_wrootx,863524049,0.8764998607479962
simNo4,s100,m1000,h1,minVAF0.005,ISAV0,n300,fp0.001,fn0.05,na0.05,d0,l1000000,fastral_wrootx,5338547750,0.9443059977938368
simNo4,s100,m1000,h1,minVAF0.005,ISAV0,n300,fp0.001,fn0.2,na0.05,d0,l1000000,fastral_wrootx,4243674180,0.7921924282894374
simNo4,s100,m300,h1,minVAF0.005,ISAV0,n1000,fp0.001,fn0.05,na0.05,d0,l1000000,fastral_wrootx,123264866972,0.9489339133504567
simNo4,s100,m300,h1,minVAF0.005,ISAV0,n1000,fp0.001,fn0.2,na0.05,d0,l1000000,fastral_wrootx,94661208984,0.8445937431880238
simNo4,s100,m300,h1,minVAF0.005,ISAV0,n300,fp0.001,fn0.05,na0.05,d0,l1000000,fastral_wrootx,952074898,0.953252087114167
simNo4,s100,m300,h1,minVAF0.005,ISAV0,n300,fp0.001,fn0.2,na0.05,d0,l1000000,fastral_wrootx,751508443,0.8499590425003519
simNo5,s100,m1000,h1,minVAF0.005,ISAV0,n300,fp0.001,fn0.05,na0.05,d0,l1000000,fastral_wrootx,3774164495,0.9010811298025652
simNo5,s100,m1000,h1,minVAF0.005,ISAV0,n300,fp0.001,fn0.2,na0.05,d0,l1000000,fastral_wrootx,3267903669,0.6924977810211438
simNo5,s100,m300,h1,minVAF0.005,ISAV0,n1000,fp0.001,fn0.05,na0.05,d0,l1000000,fastral_wrootx,176734897234,0.9397792457102303
simNo5,s100,m300,h1,minVAF0.005,ISAV0,n1000,fp0.001,fn0.2,na0.05,d0,l1000000,fastral_wrootx,136025679817,0.8055451537832139
simNo5,s100,m300,h1,minVAF0.005,ISAV0,n300,fp0.001,fn0.05,na0.05,d0,l1000000,fastral_wrootx,1386443086,0.9430438229817198
simNo5,s100,m300,h1,minVAF0.005,ISAV0,n300,fp0.001,fn0.2,na0.05,d0,l1000000,fastral_wrootx,1122553100,0.8038713650563288
simNo6,s100,m1000,h1,minVAF0.005,ISAV0,n300,fp0.001,fn0.05,na0.05,d0,l1000000,fastral_wrootx,3330643403,0.9590736322825523
simNo6,s100,m1000,h1,minVAF0.005,ISAV0,n300,fp0.001,fn0.2,na0.05,d0,l1000000,fastral_wrootx,2503075436,0.8657625784571443
simNo6,s100,m300,h1,minVAF0.005,ISAV0,n1000,fp0.001,fn0.05,na0.05,d0,l1000000,fastral_wrootx,151081983515,0.9715634773082575
simNo6,s100,m300,h1,minVAF0.005,ISAV0,n1000,fp0.001,fn0.2,na0.05,d0,l1000000,fastral_wrootx,109418804801,0.9275945605378142
simNo6,s100,m300,h1,minVAF0.005,ISAV0,n300,fp0.001,fn0.05,na0.05,d0,l1000000,fastral_wrootx,1201294138,0.9710663174769625
simNo6,s100,m300,h1,minVAF0.005,ISAV0,n300,fp0.001,fn0.2,na0.05,d0,l1000000,fastral_wrootx,885901199,0.9371597434531266
simNo7,s100,m1000,h1,minVAF0.005,ISAV0,n300,fp0.001,fn0.05,na0.05,d0,l1000000,fastral_wrootx,4004960980,0.9730281786586908
simNo7,s100,m1000,h1,minVAF0.005,ISAV0,n300,fp0.001,fn0.2,na0.05,d0,l1000000,fastral_wrootx,2880441698,0.9177854899503396
simNo7,s100,m300,h1,minVAF0.005,ISAV0,n1000,fp0.001,fn0.05,na0.05,d0,l1000000,fastral_wrootx,181201373885,0.9601006343363945
simNo7,s100,m300,h1,minVAF0.005,ISAV0,n1000,fp0.001,fn0.2,na0.05,d0,l1000000,fastral_wrootx,135208996621,0.8749503004917722
simNo7,s100,m300,h1,minVAF0.005,ISAV0,n300,fp0.001,fn0.05,na0.05,d0,l1000000,fastral_wrootx,1467953702,0.962104857937952
simNo7,s100,m300,h1,minVAF0.005,ISAV0,n300,fp0.001,fn0.2,na0.05,d0,l1000000,fastral_wrootx,1111854926,0.8838960131383355
simNo8,s100,m1000,h1,minVAF0.005,ISAV0,n300,fp0.001,fn0.05,na0.05,d0,l1000000,fastral_wrootx,4634517479,0.9582185989687804
simNo8,s100,m1000,h1,minVAF0.005,ISAV0,n300,fp0.001,fn0.2,na0.05,d0,l1000000,fastral_wrootx,3449178180,0.8856042897554631
simNo8,s100,m300,h1,minVAF0.005,ISAV0,n1000,fp0.001,fn0.05,na0.05,d0,l1000000,fastral_wrootx,154843869367,0.9599045370794874
simNo8,s100,m300,h1,minVAF0.005,ISAV0,n1000,fp0.001,fn0.2,na0.05,d0,l1000000,fastral_wrootx,115925378208,0.8902819144736717
simNo8,s100,m300,h1,minVAF0.005,ISAV0,n300,fp0.001,fn0.05,na0.05,d0,l1000000,fastral_wrootx,1287357082,0.9638271993170252
simNo8,s100,m300,h1,minVAF0.005,ISAV0,n300,fp0.001,fn0.2,na0.05,d0,l1000000,fastral_wrootx,932132069,0.89369794282519
simNo9,s100,m1000,h1,minVAF0.005,ISAV0,n300,fp0.001,fn0.05,na0.05,d0,l1000000,fastral_wrootx,5408018237,0.936577130511852
simNo9,s100,m1000,h1,minVAF0.005,ISAV0,n300,fp0.001,fn0.2,na0.05,d0,l1000000,fastral_wrootx,4371954839,0.7711555173161713
simNo9,s100,m300,h1,minVAF0.005,ISAV0,n1000,fp0.001,fn0.05,na0.05,d0,l1000000,fastral_wrootx,174568792287,0.9583070881147462
simNo9,s100,m300,h1,minVAF0.005,ISAV0,n1000,fp0.001,fn0.2,na0.05,d0,l1000000,fastral_wrootx,129881040652,0.8746221043168518
simNo9,s100,m300,h1,minVAF0.005,ISAV0,n300,fp0.001,fn0.05,na0.05,d0,l1000000,fastral_wrootx,1411448544,0.9644894331697647
simNo9,s100,m300,h1,minVAF0.005,ISAV0,n300,fp0.001,fn0.2,na0.05,d0,l1000000,fastral_wrootx,1059948937,0.8837938281788893
simNo10,s100,m1000,h1,minVAF0.005,ISAV0,n300,fp0.001,fn0.05,na0.05,d0,l1000000,fastme_v2.1.5_wrootx,5566789291,0.966222173306769
simNo10,s100,m1000,h1,minVAF0.005,ISAV0,n300,fp0.001,fn0.2,na0.05,d0,l1000000,fastme_v2.1.5_wrootx,4137402252,0.9108282785939389
simNo10,s100,m300,h1,minVAF0.005,ISAV0,n1000,fp0.001,fn0.05,na0.05,d0,l1000000,fastme_v2.1.5_wrootx,130639712670,0.972320940063989
simNo10,s100,m300,h1,minVAF0.005,ISAV0,n1000,fp0.001,fn0.2,na0.05,d0,l1000000,fastme_v2.1.5_wrootx,91715023813,0.9116476990761299
simNo10,s100,m300,h1,minVAF0.005,ISAV0,n300,fp0.001,fn0.05,na0.05,d0,l1000000,fastme_v2.1.5_wrootx,1019997705,0.9668100683660236
simNo10,s100,m300,h1,minVAF0.005,ISAV0,n300,fp0.001,fn0.2,na0.05,d0,l1000000,fastme_v2.1.5_wrootx,740671822,0.9254948016264307
simNo1,s100,m1000,h1,minVAF0.005,ISAV0,n300,fp0.001,fn0.05,na0.05,d0,l1000000,fastme_v2.1.5_wrootx,5510088259,0.9688464436843752
simNo1,s100,m1000,h1,minVAF0.005,ISAV0,n300,fp0.001,fn0.2,na0.05,d0,l1000000,fastme_v2.1.5_wrootx,4121900672,0.9052700541385885
simNo1,s100,m300,h1,minVAF0.005,ISAV0,n1000,fp0.001,fn0.05,na0.05,d0,l1000000,fastme_v2.1.5_wrootx,185689162827,0.9710796296297707
simNo1,s100,m300,h1,minVAF0.005,ISAV0,n1000,fp0.001,fn0.2,na0.05,d0,l1000000,fastme_v2.1.5_wrootx,135057617735,0.9041675245264692
simNo1,s100,m300,h1,minVAF0.005,ISAV0,n300,fp0.001,fn0.05,na0.05,d0,l1000000,fastme_v2.1.5_wrootx,1513892134,0.9733056434507602
simNo1,s100,m300,h1,minVAF0.005,ISAV0,n300,fp0.001,fn0.2,na0.05,d0,l1000000,fastme_v2.1.5_wrootx,1100462206,0.8963282321439954
simNo2,s100,m1000,h1,minVAF0.005,ISAV0,n300,fp0.001,fn0.05,na0.05,d0,l1000000,fastme_v2.1.5_wrootx,3120716571,0.9711985535362303
simNo2,s100,m1000,h1,minVAF0.005,ISAV0,n300,fp0.001,fn0.2,na0.05,d0,l1000000,fastme_v2.1.5_wrootx,2296774989,0.932445946729055
simNo2,s100,m300,h1,minVAF0.005,ISAV0,n1000,fp0.001,fn0.05,na0.05,d0,l1000000,fastme_v2.1.5_wrootx,157532085065,0.9523109341405648
simNo2,s100,m300,h1,minVAF0.005,ISAV0,n1000,fp0.001,fn0.2,na0.05,d0,l1000000,fastme_v2.1.5_wrootx,120478972468,0.8525384243459253
simNo2,s100,m300,h1,minVAF0.005,ISAV0,n300,fp0.001,fn0.05,na0.05,d0,l1000000,fastme_v2.1.5_wrootx,1375669350,0.9578361853524343
simNo2,s100,m300,h1,minVAF0.005,ISAV0,n300,fp0.001,fn0.2,na0.05,d0,l1000000,fastme_v2.1.5_wrootx,1074515575,0.8576597122359426
simNo3,s100,m1000,h1,minVAF0.005,ISAV0,n300,fp0.001,fn0.05,na0.05,d0,l1000000,fastme_v2.1.5_wrootx,3229596368,0.9677477329138435
simNo3,s100,m1000,h1,minVAF0.005,ISAV0,n300,fp0.001,fn0.2,na0.05,d0,l1000000,fastme_v2.1.5_wrootx,2391153029,0.9270198750339868
simNo3,s100,m300,h1,minVAF0.005,ISAV0,n1000,fp0.001,fn0.05,na0.05,d0,l1000000,fastme_v2.1.5_wrootx,147917927089,0.9601679321356107
simNo3,s100,m300,h1,minVAF0.005,ISAV0,n1000,fp0.001,fn0.2,na0.05,d0,l1000000,fastme_v2.1.5_wrootx,109698114634,0.8806628343544177
simNo3,s100,m300,h1,minVAF0.005,ISAV0,n300,fp0.001,fn0.05,na0.05,d0,l1000000,fastme_v2.1.5_wrootx,1158998239,0.9569395204907157
simNo3,s100,m300,h1,minVAF0.005,ISAV0,n300,fp0.001,fn0.2,na0.05,d0,l1000000,fastme_v2.1.5_wrootx,863364550,0.8763379650237818
simNo4,s100,m1000,h1,minVAF0.005,ISAV0,n300,fp0.001,fn0.05,na0.05,d0,l1000000,fastme_v2.1.5_wrootx,5333347051,0.9433860750941813
simNo4,s100,m1000,h1,minVAF0.005,ISAV0,n300,fp0.001,fn0.2,na0.05,d0,l1000000,fastme_v2.1.5_wrootx,4236693581,0.7908893174854111
simNo4,s100,m300,h1,minVAF0.005,ISAV0,n1000,fp0.001,fn0.05,na0.05,d0,l1000000,fastme_v2.1.5_wrootx,123212660799,0.948532012879845
simNo4,s100,m300,h1,minVAF0.005,ISAV0,n1000,fp0.001,fn0.2,na0.05,d0,l1000000,fastme_v2.1.5_wrootx,94616647078,0.8441961494176073
simNo4,s100,m300,h1,minVAF0.005,ISAV0,n300,fp0.001,fn0.05,na0.05,d0,l1000000,fastme_v2.1.5_wrootx,950331799,0.9515068328665367
simNo4,s100,m300,h1,minVAF0.005,ISAV0,n300,fp0.001,fn0.2,na0.05,d0,l1000000,fastme_v2.1.5_wrootx,745285049,0.842920359096841
simNo5,s100,m1000,h1,minVAF0.005,ISAV0,n300,fp0.001,fn0.05,na0.05,d0,l1000000,fastme_v2.1.5_wrootx,3771791527,0.9005145840970831
simNo5,s100,m1000,h1,minVAF0.005,ISAV0,n300,fp0.001,fn0.2,na0.05,d0,l1000000,fastme_v2.1.5_wrootx,3266060524,0.692107202242856
simNo5,s100,m300,h1,minVAF0.005,ISAV0,n1000,fp0.001,fn0.05,na0.05,d0,l1000000,fastme_v2.1.5_wrootx,176642078520,0.9392856866995545
simNo5,s100,m300,h1,minVAF0.005,ISAV0,n1000,fp0.001,fn0.2,na0.05,d0,l1000000,fastme_v2.1.5_wrootx,136335721276,0.8073812217602703
simNo5,s100,m300,h1,minVAF0.005,ISAV0,n300,fp0.001,fn0.05,na0.05,d0,l1000000,fastme_v2.1.5_wrootx,1384455730,0.9416920445937064
simNo5,s100,m300,h1,minVAF0.005,ISAV0,n300,fp0.001,fn0.2,na0.05,d0,l1000000,fastme_v2.1.5_wrootx,1121195590,0.8028992387339503
simNo6,s100,m1000,h1,minVAF0.005,ISAV0,n300,fp0.001,fn0.05,na0.05,d0,l1000000,fastme_v2.1.5_wrootx,3325317942,0.957540142020506
simNo6,s100,m1000,h1,minVAF0.005,ISAV0,n300,fp0.001,fn0.2,na0.05,d0,l1000000,fastme_v2.1.5_wrootx,2499806197,0.8646318155781973
simNo6,s100,m300,h1,minVAF0.005,ISAV0,n1000,fp0.001,fn0.05,na0.05,d0,l1000000,fastme_v2.1.5_wrootx,151069342300,0.971482185399606
simNo6,s100,m300,h1,minVAF0.005,ISAV0,n1000,fp0.001,fn0.2,na0.05,d0,l1000000,fastme_v2.1.5_wrootx,109254671106,0.9262031221743641
simNo6,s100,m300,h1,minVAF0.005,ISAV0,n300,fp0.001,fn0.05,na0.05,d0,l1000000,fastme_v2.1.5_wrootx,1199586451,0.969685908404748
simNo6,s100,m300,h1,minVAF0.005,ISAV0,n300,fp0.001,fn0.2,na0.05,d0,l1000000,fastme_v2.1.5_wrootx,884700178,0.9358892309698922
simNo7,s100,m1000,h1,minVAF0.005,ISAV0,n300,fp0.001,fn0.05,na0.05,d0,l1000000,fastme_v2.1.5_wrootx,3999770024,0.9717670062059751
simNo7,s100,m1000,h1,minVAF0.005,ISAV0,n300,fp0.001,fn0.2,na0.05,d0,l1000000,fastme_v2.1.5_wrootx,2876529486,0.916538954945065
simNo7,s100,m300,h1,minVAF0.005,ISAV0,n1000,fp0.001,fn0.05,na0.05,d0,l1000000,fastme_v2.1.5_wrootx,180870233310,0.9583460765794881
simNo7,s100,m300,h1,minVAF0.005,ISAV0,n1000,fp0.001,fn0.2,na0.05,d0,l1000000,fastme_v2.1.5_wrootx,134786024769,0.8722132093347073
simNo7,s100,m300,h1,minVAF0.005,ISAV0,n300,fp0.001,fn0.05,na0.05,d0,l1000000,fastme_v2.1.5_wrootx,1466721044,0.9612969671656747
simNo7,s100,m300,h1,minVAF0.005,ISAV0,n300,fp0.001,fn0.2,na0.05,d0,l1000000,fastme_v2.1.5_wrootx,1110951543,0.8831778469339463
simNo8,s100,m1000,h1,minVAF0.005,ISAV0,n300,fp0.001,fn0.05,na0.05,d0,l1000000,fastme_v2.1.5_wrootx,4632067365,0.9577120209237019
simNo8,s100,m1000,h1,minVAF0.005,ISAV0,n300,fp0.001,fn0.2,na0.05,d0,l1000000,fastme_v2.1.5_wrootx,3445067125,0.8845487432590451
simNo8,s100,m300,h1,minVAF0.005,ISAV0,n1000,fp0.001,fn0.05,na0.05,d0,l1000000,fastme_v2.1.5_wrootx,154789126157,0.9595651742369796
simNo8,s100,m300,h1,minVAF0.005,ISAV0,n1000,fp0.001,fn0.2,na0.05,d0,l1000000,fastme_v2.1.5_wrootx,116111638537,0.8917123536480437
simNo8,s100,m300,h1,minVAF0.005,ISAV0,n300,fp0.001,fn0.05,na0.05,d0,l1000000,fastme_v2.1.5_wrootx,1284287240,0.9615288492643661
simNo8,s100,m300,h1,minVAF0.005,ISAV0,n300,fp0.001,fn0.2,na0.05,d0,l1000000,fastme_v2.1.5_wrootx,932403882,0.893958548298397
simNo9,s100,m1000,h1,minVAF0.005,ISAV0,n300,fp0.001,fn0.05,na0.05,d0,l1000000,fastme_v2.1.5_wrootx,5405431525,0.9361291558201533
simNo9,s100,m1000,h1,minVAF0.005,ISAV0,n300,fp0.001,fn0.2,na0.05,d0,l1000000,fastme_v2.1.5_wrootx,4363272959,0.7696241475035297
simNo9,s100,m300,h1,minVAF0.005,ISAV0,n1000,fp0.001,fn0.05,na0.05,d0,l1000000,fastme_v2.1.5_wrootx,174477064028,0.9578035396876274
simNo9,s100,m300,h1,minVAF0.005,ISAV0,n1000,fp0.001,fn0.2,na0.05,d0,l1000000,fastme_v2.1.5_wrootx,130009050093,0.8754841230233374
simNo9,s100,m300,h1,minVAF0.005,ISAV0,n300,fp0.001,fn0.05,na0.05,d0,l1000000,fastme_v2.1.5_wrootx,1409670908,0.9632747157467948
simNo9,s100,m300,h1,minVAF0.005,ISAV0,n300,fp0.001,fn0.2,na0.05,d0,l1000000,fastme_v2.1.5_wrootx,1062007643,0.8855103935655055
simNo10,s100,m1000,h1,minVAF0.005,ISAV0,n300,fp0.001,fn0.05,na0.05,d0,l1000000,huntress_v0.1.2.0_default,5547639810,0.9628984166164574
simNo10,s100,m1000,h1,minVAF0.005,ISAV0,n300,fp0.001,fn0.2,na0.05,d0,l1000000,huntress_v0.1.2.0_default,4108774257,0.9045259696045626
simNo10,s100,m300,h1,minVAF0.005,ISAV0,n1000,fp0.001,fn0.05,na0.05,d0,l1000000,huntress_v0.1.2.0_default,130149085878,0.9686693191757598
simNo10,s100,m300,h1,minVAF0.005,ISAV0,n1000,fp0.001,fn0.2,na0.05,d0,l1000000,huntress_v0.1.2.0_default,92010507690,0.9145848099809951
simNo10,s100,m300,h1,minVAF0.005,ISAV0,n300,fp0.001,fn0.05,na0.05,d0,l1000000,huntress_v0.1.2.0_default,1013838959,0.9609724693085737
simNo10,s100,m300,h1,minVAF0.005,ISAV0,n300,fp0.001,fn0.2,na0.05,d0,l1000000,huntress_v0.1.2.0_default,728976883,0.9108815749201524
simNo1,s100,m1000,h1,minVAF0.005,ISAV0,n300,fp0.001,fn0.05,na0.05,d0,l1000000,huntress_v0.1.2.0_default,5492318140,0.9657218990695268
simNo1,s100,m1000,h1,minVAF0.005,ISAV0,n300,fp0.001,fn0.2,na0.05,d0,l1000000,huntress_v0.1.2.0_default,4079708851,0.8960036998228881
simNo1,s100,m300,h1,minVAF0.005,ISAV0,n1000,fp0.001,fn0.05,na0.05,d0,l1000000,huntress_v0.1.2.0_default,184933841694,0.9671296039259629
simNo1,s100,m300,h1,minVAF0.005,ISAV0,n1000,fp0.001,fn0.2,na0.05,d0,l1000000,huntress_v0.1.2.0_default,133414131392,0.8931649094702858
simNo1,s100,m300,h1,minVAF0.005,ISAV0,n300,fp0.001,fn0.05,na0.05,d0,l1000000,huntress_v0.1.2.0_default,1502999734,0.9663027440019656
simNo1,s100,m300,h1,minVAF0.005,ISAV0,n300,fp0.001,fn0.2,na0.05,d0,l1000000,huntress_v0.1.2.0_default,1086097593,0.8846282318118416
simNo2,s100,m1000,h1,minVAF0.005,ISAV0,n300,fp0.001,fn0.05,na0.05,d0,l1000000,huntress_v0.1.2.0_default,3104767282,0.9662349735204495
simNo2,s100,m1000,h1,minVAF0.005,ISAV0,n300,fp0.001,fn0.2,na0.05,d0,l1000000,huntress_v0.1.2.0_default,2276233026,0.9241063095295277
simNo2,s100,m300,h1,minVAF0.005,ISAV0,n1000,fp0.001,fn0.05,na0.05,d0,l1000000,huntress_v0.1.2.0_default,156487487703,0.9459961476055136
simNo2,s100,m300,h1,minVAF0.005,ISAV0,n1000,fp0.001,fn0.2,na0.05,d0,l1000000,huntress_v0.1.2.0_default,118059950553,0.8354208386824177
simNo2,s100,m300,h1,minVAF0.005,ISAV0,n300,fp0.001,fn0.05,na0.05,d0,l1000000,huntress_v0.1.2.0_default,1368148386,0.952599569832918
simNo2,s100,m300,h1,minVAF0.005,ISAV0,n300,fp0.001,fn0.2,na0.05,d0,l1000000,huntress_v0.1.2.0_default,1053536630,0.8409146818703161
simNo3,s100,m1000,h1,minVAF0.005,ISAV0,n300,fp0.001,fn0.05,na0.05,d0,l1000000,huntress_v0.1.2.0_default,3212975189,0.9627672008402438
simNo3,s100,m1000,h1,minVAF0.005,ISAV0,n300,fp0.001,fn0.2,na0.05,d0,l1000000,huntress_v0.1.2.0_default,2366579562,0.9174930517687193
simNo3,s100,m300,h1,minVAF0.005,ISAV0,n1000,fp0.001,fn0.05,na0.05,d0,l1000000,huntress_v0.1.2.0_default,147060100641,0.9545995912122565
simNo3,s100,m300,h1,minVAF0.005,ISAV0,n1000,fp0.001,fn0.2,na0.05,d0,l1000000,huntress_v0.1.2.0_default,107750855568,0.865030125496955
simNo3,s100,m300,h1,minVAF0.005,ISAV0,n300,fp0.001,fn0.05,na0.05,d0,l1000000,huntress_v0.1.2.0_default,1146031063,0.9462330303805451
simNo3,s100,m300,h1,minVAF0.005,ISAV0,n300,fp0.001,fn0.2,na0.05,d0,l1000000,huntress_v0.1.2.0_default,849219488,0.8619803511418876
simNo4,s100,m1000,h1,minVAF0.005,ISAV0,n300,fp0.001,fn0.05,na0.05,d0,l1000000,huntress_v0.1.2.0_default,5315762520,0.9402756452789395
simNo4,s100,m1000,h1,minVAF0.005,ISAV0,n300,fp0.001,fn0.2,na0.05,d0,l1000000,huntress_v0.1.2.0_default,4185420180,0.7813178003702946
simNo4,s100,m300,h1,minVAF0.005,ISAV0,n1000,fp0.001,fn0.05,na0.05,d0,l1000000,huntress_v0.1.2.0_default,122216169867,0.940860694498949
simNo4,s100,m300,h1,minVAF0.005,ISAV0,n1000,fp0.001,fn0.2,na0.05,d0,l1000000,huntress_v0.1.2.0_default,92108338777,0.8218163222450084
simNo4,s100,m300,h1,minVAF0.005,ISAV0,n300,fp0.001,fn0.05,na0.05,d0,l1000000,huntress_v0.1.2.0_default,938975929,0.9401369219475145
simNo4,s100,m300,h1,minVAF0.005,ISAV0,n300,fp0.001,fn0.2,na0.05,d0,l1000000,huntress_v0.1.2.0_default,719203510,0.8134220345978099
simNo5,s100,m1000,h1,minVAF0.005,ISAV0,n300,fp0.001,fn0.05,na0.05,d0,l1000000,huntress_v0.1.2.0_default,3708589100,0.8854250154248983
simNo5,s100,m1000,h1,minVAF0.005,ISAV0,n300,fp0.001,fn0.2,na0.05,d0,l1000000,huntress_v0.1.2.0_default,3089032327,0.6545933566654594
simNo5,s100,m300,h1,minVAF0.005,ISAV0,n1000,fp0.001,fn0.05,na0.05,d0,l1000000,huntress_v0.1.2.0_default,175112787073,0.9311537535894234
simNo5,s100,m300,h1,minVAF0.005,ISAV0,n1000,fp0.001,fn0.2,na0.05,d0,l1000000,huntress_v0.1.2.0_default,132682356154,0.7857459645574615
simNo5,s100,m300,h1,minVAF0.005,ISAV0,n300,fp0.001,fn0.05,na0.05,d0,l1000000,huntress_v0.1.2.0_default,1375132974,0.9353508052397486
simNo5,s100,m300,h1,minVAF0.005,ISAV0,n300,fp0.001,fn0.2,na0.05,d0,l1000000,huntress_v0.1.2.0_default,1097037868,0.7855996553460541
simNo6,s100,m1000,h1,minVAF0.005,ISAV0,n300,fp0.001,fn0.05,na0.05,d0,l1000000,huntress_v0.1.2.0_default,3300809426,0.9504828054588066
simNo6,s100,m1000,h1,minVAF0.005,ISAV0,n300,fp0.001,fn0.2,na0.05,d0,l1000000,huntress_v0.1.2.0_default,2429145913,0.8401918691065425
simNo6,s100,m300,h1,minVAF0.005,ISAV0,n1000,fp0.001,fn0.05,na0.05,d0,l1000000,huntress_v0.1.2.0_default,150265413971,0.9663123604829752
simNo6,s100,m300,h1,minVAF0.005,ISAV0,n1000,fp0.001,fn0.2,na0.05,d0,l1000000,huntress_v0.1.2.0_default,108096919978,0.9163883225085986
simNo6,s100,m300,h1,minVAF0.005,ISAV0,n300,fp0.001,fn0.05,na0.05,d0,l1000000,huntress_v0.1.2.0_default,1193665570,0.9648997632575973
simNo6,s100,m300,h1,minVAF0.005,ISAV0,n300,fp0.001,fn0.2,na0.05,d0,l1000000,huntress_v0.1.2.0_default,875048563,0.9256791702458314
simNo7,s100,m1000,h1,minVAF0.005,ISAV0,n300,fp0.001,fn0.05,na0.05,d0,l1000000,huntress_v0.1.2.0_default,3982220574,0.9675032669447847
simNo7,s100,m1000,h1,minVAF0.005,ISAV0,n300,fp0.001,fn0.2,na0.05,d0,l1000000,huntress_v0.1.2.0_default,2837056397,0.9039617768154494
simNo7,s100,m300,h1,minVAF0.005,ISAV0,n1000,fp0.001,fn0.05,na0.05,d0,l1000000,huntress_v0.1.2.0_default,179932275394,0.9533762798785869
simNo7,s100,m300,h1,minVAF0.005,ISAV0,n1000,fp0.001,fn0.2,na0.05,d0,l1000000,huntress_v0.1.2.0_default,132173869360,0.8553097027844576
simNo7,s100,m300,h1,minVAF0.005,ISAV0,n300,fp0.001,fn0.05,na0.05,d0,l1000000,huntress_v0.1.2.0_default,1456213865,0.9544105047756478
simNo7,s100,m300,h1,minVAF0.005,ISAV0,n300,fp0.001,fn0.2,na0.05,d0,l1000000,huntress_v0.1.2.0_default,1087342299,0.8644091063754229
simNo8,s100,m1000,h1,minVAF0.005,ISAV0,n300,fp0.001,fn0.05,na0.05,d0,l1000000,huntress_v0.1.2.0_default,4613601072,0.9538939869025151
simNo8,s100,m1000,h1,minVAF0.005,ISAV0,n300,fp0.001,fn0.2,na0.05,d0,l1000000,huntress_v0.1.2.0_default,3408849850,0.8752496660790853
simNo8,s100,m300,h1,minVAF0.005,ISAV0,n1000,fp0.001,fn0.05,na0.05,d0,l1000000,huntress_v0.1.2.0_default,154197593249,0.9558981571019632
simNo8,s100,m300,h1,minVAF0.005,ISAV0,n1000,fp0.001,fn0.2,na0.05,d0,l1000000,huntress_v0.1.2.0_default,114745111842,0.8812177232141356
simNo8,s100,m300,h1,minVAF0.005,ISAV0,n300,fp0.001,fn0.05,na0.05,d0,l1000000,huntress_v0.1.2.0_default,1279401724,0.9578711281321818
simNo8,s100,m300,h1,minVAF0.005,ISAV0,n300,fp0.001,fn0.2,na0.05,d0,l1000000,huntress_v0.1.2.0_default,924269772,0.8861598279072913
simNo9,s100,m1000,h1,minVAF0.005,ISAV0,n300,fp0.001,fn0.05,na0.05,d0,l1000000,huntress_v0.1.2.0_default,5337735429,0.9244053389689538
simNo9,s100,m1000,h1,minVAF0.005,ISAV0,n300,fp0.001,fn0.2,na0.05,d0,l1000000,huntress_v0.1.2.0_default,4213902197,0.7432771033358988
simNo9,s100,m300,h1,minVAF0.005,ISAV0,n1000,fp0.001,fn0.05,na0.05,d0,l1000000,huntress_v0.1.2.0_default,173126680985,0.9503905214452298
simNo9,s100,m300,h1,minVAF0.005,ISAV0,n1000,fp0.001,fn0.2,na0.05,d0,l1000000,huntress_v0.1.2.0_default,126692644064,0.8531513637130324
simNo9,s100,m300,h1,minVAF0.005,ISAV0,n300,fp0.001,fn0.05,na0.05,d0,l1000000,huntress_v0.1.2.0_default,1397743437,0.9551242806545335
simNo9,s100,m300,h1,minVAF0.005,ISAV0,n300,fp0.001,fn0.2,na0.05,d0,l1000000,huntress_v0.1.2.0_default,1031354135,0.8599512555384327
simNo10,s100,m1000,h1,minVAF0.005,ISAV0,n300,fp0.001,fn0.05,na0.05,d0,l1000000,scistree_v1.2.0.6,5568736417,0.9665601340624355
simNo10,s100,m1000,h1,minVAF0.005,ISAV0,n300,fp0.001,fn0.2,na0.05,d0,l1000000,scistree_v1.2.0.6,4139079025,0.911197411729216
simNo10,s100,m300,h1,minVAF0.005,ISAV0,n1000,fp0.001,fn0.05,na0.05,d0,l1000000,scistree_v1.2.0.6,130492360902,0.9712242351903051
simNo10,s100,m300,h1,minVAF0.005,ISAV0,n1000,fp0.001,fn0.2,na0.05,d0,l1000000,scistree_v1.2.0.6,92974623982,0.9241681297327917
simNo10,s100,m300,h1,minVAF0.005,ISAV0,n300,fp0.001,fn0.05,na0.05,d0,l1000000,scistree_v1.2.0.6,1019885020,0.966703259309474
simNo10,s100,m300,h1,minVAF0.005,ISAV0,n300,fp0.001,fn0.2,na0.05,d0,l1000000,scistree_v1.2.0.6,741982512,0.9271325536584551
simNo1,s100,m1000,h1,minVAF0.005,ISAV0,n300,fp0.001,fn0.05,na0.05,d0,l1000000,scistree_v1.2.0.6,5510225437,0.9688705638819483
simNo1,s100,m1000,h1,minVAF0.005,ISAV0,n300,fp0.001,fn0.2,na0.05,d0,l1000000,scistree_v1.2.0.6,4122523189,0.9054067740751266
simNo1,s100,m300,h1,minVAF0.005,ISAV0,n1000,fp0.001,fn0.05,na0.05,d0,l1000000,scistree_v1.2.0.6,185565402377,0.970432412257905
simNo1,s100,m300,h1,minVAF0.005,ISAV0,n1000,fp0.001,fn0.2,na0.05,d0,l1000000,scistree_v1.2.0.6,134071858599,0.8975681826105967
simNo1,s100,m300,h1,minVAF0.005,ISAV0,n300,fp0.001,fn0.05,na0.05,d0,l1000000,scistree_v1.2.0.6,1513146293,0.9728261302555242
simNo1,s100,m300,h1,minVAF0.005,ISAV0,n300,fp0.001,fn0.2,na0.05,d0,l1000000,scistree_v1.2.0.6,1102364695,0.8978778124864605
simNo2,s100,m1000,h1,minVAF0.005,ISAV0,n300,fp0.001,fn0.05,na0.05,d0,l1000000,scistree_v1.2.0.6,3120575168,0.9711545474927652
simNo2,s100,m1000,h1,minVAF0.005,ISAV0,n300,fp0.001,fn0.2,na0.05,d0,l1000000,scistree_v1.2.0.6,2298448673,0.9331254298605675
simNo2,s100,m300,h1,minVAF0.005,ISAV0,n1000,fp0.001,fn0.05,na0.05,d0,l1000000,scistree_v1.2.0.6,157440572286,0.9517577222661754
simNo2,s100,m300,h1,minVAF0.005,ISAV0,n1000,fp0.001,fn0.2,na0.05,d0,l1000000,scistree_v1.2.0.6,120696909903,0.8540806024840253
simNo2,s100,m300,h1,minVAF0.005,ISAV0,n300,fp0.001,fn0.05,na0.05,d0,l1000000,scistree_v1.2.0.6,1375281381,0.957566054490687
simNo2,s100,m300,h1,minVAF0.005,ISAV0,n300,fp0.001,fn0.2,na0.05,d0,l1000000,scistree_v1.2.0.6,1073423767,0.8567882500097233
simNo3,s100,m1000,h1,minVAF0.005,ISAV0,n300,fp0.001,fn0.05,na0.05,d0,l1000000,scistree_v1.2.0.6,3230453735,0.9680046427180364
simNo3,s100,m1000,h1,minVAF0.005,ISAV0,n300,fp0.001,fn0.2,na0.05,d0,l1000000,scistree_v1.2.0.6,2393889374,0.9280807214830368
simNo3,s100,m300,h1,minVAF0.005,ISAV0,n1000,fp0.001,fn0.05,na0.05,d0,l1000000,scistree_v1.2.0.6,147882561389,0.9599383655664612
simNo3,s100,m300,h1,minVAF0.005,ISAV0,n1000,fp0.001,fn0.2,na0.05,d0,l1000000,scistree_v1.2.0.6,109498243041,0.8790582535994468
simNo3,s100,m300,h1,minVAF0.005,ISAV0,n300,fp0.001,fn0.05,na0.05,d0,l1000000,scistree_v1.2.0.6,1157398974,0.9556190699233723
simNo3,s100,m300,h1,minVAF0.005,ISAV0,n300,fp0.001,fn0.2,na0.05,d0,l1000000,scistree_v1.2.0.6,869994324,0.8830673618419944
simNo4,s100,m1000,h1,minVAF0.005,ISAV0,n300,fp0.001,fn0.05,na0.05,d0,l1000000,scistree_v1.2.0.6,5334544990,0.9435979718563093
simNo4,s100,m1000,h1,minVAF0.005,ISAV0,n300,fp0.001,fn0.2,na0.05,d0,l1000000,scistree_v1.2.0.6,4240102164,0.7915256183721574
simNo4,s100,m300,h1,minVAF0.005,ISAV0,n1000,fp0.001,fn0.05,na0.05,d0,l1000000,scistree_v1.2.0.6,123126515759,0.9478688397313964
simNo4,s100,m300,h1,minVAF0.005,ISAV0,n1000,fp0.001,fn0.2,na0.05,d0,l1000000,scistree_v1.2.0.6,92051410061,0.8213083883420149
simNo4,s100,m300,h1,minVAF0.005,ISAV0,n300,fp0.001,fn0.05,na0.05,d0,l1000000,scistree_v1.2.0.6,950789012,0.9519646111856808
simNo4,s100,m300,h1,minVAF0.005,ISAV0,n300,fp0.001,fn0.2,na0.05,d0,l1000000,scistree_v1.2.0.6,746160874,0.8439109206604958
simNo5,s100,m1000,h1,minVAF0.005,ISAV0,n300,fp0.001,fn0.05,na0.05,d0,l1000000,scistree_v1.2.0.6,3771877630,0.9005351411736552
simNo5,s100,m1000,h1,minVAF0.005,ISAV0,n300,fp0.001,fn0.2,na0.05,d0,l1000000,scistree_v1.2.0.6,3265581588,0.6920057114552305
simNo5,s100,m300,h1,minVAF0.005,ISAV0,n1000,fp0.001,fn0.05,na0.05,d0,l1000000,scistree_v1.2.0.6,176613048973,0.9391313234910997
simNo5,s100,m300,h1,minVAF0.005,ISAV0,n1000,fp0.001,fn0.2,na0.05,d0,l1000000,scistree_v1.2.0.6,135822210060,0.8043402042699065
simNo5,s100,m300,h1,minVAF0.005,ISAV0,n300,fp0.001,fn0.05,na0.05,d0,l1000000,scistree_v1.2.0.6,1384615842,0.9418009510710871
simNo5,s100,m300,h1,minVAF0.005,ISAV0,n300,fp0.001,fn0.2,na0.05,d0,l1000000,scistree_v1.2.0.6,1123886388,0.8048261457652086
simNo6,s100,m1000,h1,minVAF0.005,ISAV0,n300,fp0.001,fn0.05,na0.05,d0,l1000000,scistree_v1.2.0.6,3327421735,0.9581459386039118
simNo6,s100,m1000,h1,minVAF0.005,ISAV0,n300,fp0.001,fn0.2,na0.05,d0,l1000000,scistree_v1.2.0.6,2502189633,0.8654561973236573
simNo6,s100,m300,h1,minVAF0.005,ISAV0,n1000,fp0.001,fn0.05,na0.05,d0,l1000000,scistree_v1.2.0.6,150813642025,0.9698378526833691
simNo6,s100,m300,h1,minVAF0.005,ISAV0,n1000,fp0.001,fn0.2,na0.05,d0,l1000000,scistree_v1.2.0.6,109459788625,0.9279419996483179
simNo6,s100,m300,h1,minVAF0.005,ISAV0,n300,fp0.001,fn0.05,na0.05,d0,l1000000,scistree_v1.2.0.6,1200830673,0.9706916754666562
simNo6,s100,m300,h1,minVAF0.005,ISAV0,n300,fp0.001,fn0.2,na0.05,d0,l1000000,scistree_v1.2.0.6,884402531,0.935574362013315
simNo7,s100,m1000,h1,minVAF0.005,ISAV0,n300,fp0.001,fn0.05,na0.05,d0,l1000000,scistree_v1.2.0.6,4002197219,0.9723567071148962
simNo7,s100,m1000,h1,minVAF0.005,ISAV0,n300,fp0.001,fn0.2,na0.05,d0,l1000000,scistree_v1.2.0.6,2877562470,0.9168680911769176
simNo7,s100,m300,h1,minVAF0.005,ISAV0,n1000,fp0.001,fn0.05,na0.05,d0,l1000000,scistree_v1.2.0.6,180446386627,0.9561003128720454
simNo7,s100,m300,h1,minVAF0.005,ISAV0,n1000,fp0.001,fn0.2,na0.05,d0,l1000000,scistree_v1.2.0.6,135177372240,0.8747456561089996
simNo7,s100,m300,h1,minVAF0.005,ISAV0,n300,fp0.001,fn0.05,na0.05,d0,l1000000,scistree_v1.2.0.6,1467022441,0.9614945044023552
simNo7,s100,m300,h1,minVAF0.005,ISAV0,n300,fp0.001,fn0.2,na0.05,d0,l1000000,scistree_v1.2.0.6,1110635123,0.8829263011882406
simNo8,s100,m1000,h1,minVAF0.005,ISAV0,n300,fp0.001,fn0.05,na0.05,d0,l1000000,scistree_v1.2.0.6,4632767996,0.9578568812372634
simNo8,s100,m1000,h1,minVAF0.005,ISAV0,n300,fp0.001,fn0.2,na0.05,d0,l1000000,scistree_v1.2.0.6,3446928753,0.8850267312482677
simNo8,s100,m300,h1,minVAF0.005,ISAV0,n1000,fp0.001,fn0.05,na0.05,d0,l1000000,scistree_v1.2.0.6,154624462061,0.9585443923778679
simNo8,s100,m300,h1,minVAF0.005,ISAV0,n1000,fp0.001,fn0.2,na0.05,d0,l1000000,scistree_v1.2.0.6,115223750281,0.8848935632450305
simNo8,s100,m300,h1,minVAF0.005,ISAV0,n300,fp0.001,fn0.05,na0.05,d0,l1000000,scistree_v1.2.0.6,1286686062,0.9633248155290858
simNo8,s100,m300,h1,minVAF0.005,ISAV0,n300,fp0.001,fn0.2,na0.05,d0,l1000000,scistree_v1.2.0.6,932087543,0.8936552527430379
simNo9,s100,m1000,h1,minVAF0.005,ISAV0,n300,fp0.001,fn0.05,na0.05,d0,l1000000,scistree_v1.2.0.6,5401929679,0.9355226954247843
simNo9,s100,m1000,h1,minVAF0.005,ISAV0,n300,fp0.001,fn0.2,na0.05,d0,l1000000,scistree_v1.2.0.6,4363617870,0.76968498528215
simNo9,s100,m300,h1,minVAF0.005,ISAV0,n1000,fp0.001,fn0.05,na0.05,d0,l1000000,scistree_v1.2.0.6,174306389658,0.956866611291734
simNo9,s100,m300,h1,minVAF0.005,ISAV0,n1000,fp0.001,fn0.2,na0.05,d0,l1000000,scistree_v1.2.0.6,129489414006,0.8719848809044769
simNo9,s100,m300,h1,minVAF0.005,ISAV0,n300,fp0.001,fn0.05,na0.05,d0,l1000000,scistree_v1.2.0.6,1409567892,0.9632043215097044
simNo9,s100,m300,h1,minVAF0.005,ISAV0,n300,fp0.001,fn0.2,na0.05,d0,l1000000,scistree_v1.2.0.6,1061552985,0.885131296120048
simNo10,s100,m1000,h1,minVAF0.005,ISAV0,n300,fp0.001,fn0.05,na0.05,d0,l1000000,treeqmcbip_v1.0.0_n2_wrootx,5569387103,0.9666730729951298
simNo10,s100,m1000,h1,minVAF0.005,ISAV0,n300,fp0.001,fn0.2,na0.05,d0,l1000000,treeqmcbip_v1.0.0_n2_wrootx,4138997875,0.9111795469652152
simNo10,s100,m300,h1,minVAF0.005,ISAV0,n1000,fp0.001,fn0.05,na0.05,d0,l1000000,treeqmcbip_v1.0.0_n2_wrootx,130819012892,0.9736554298362461
simNo10,s100,m300,h1,minVAF0.005,ISAV0,n1000,fp0.001,fn0.2,na0.05,d0,l1000000,treeqmcbip_v1.0.0_n2_wrootx,93104865452,0.9254627304591883
simNo10,s100,m300,h1,minVAF0.005,ISAV0,n300,fp0.001,fn0.05,na0.05,d0,l1000000,treeqmcbip_v1.0.0_n2_wrootx,1020983145,0.9677441227360485
simNo10,s100,m300,h1,minVAF0.005,ISAV0,n300,fp0.001,fn0.2,na0.05,d0,l1000000,treeqmcbip_v1.0.0_n2_wrootx,743294809,0.9287723136920021
simNo1,s100,m1000,h1,minVAF0.005,ISAV0,n300,fp0.001,fn0.05,na0.05,d0,l1000000,treeqmcbip_v1.0.0_n2_wrootx,5511707086,0.9691310842759898
simNo1,s100,m1000,h1,minVAF0.005,ISAV0,n300,fp0.001,fn0.2,na0.05,d0,l1000000,treeqmcbip_v1.0.0_n2_wrootx,4124278449,0.905792272038729
simNo1,s100,m300,h1,minVAF0.005,ISAV0,n1000,fp0.001,fn0.05,na0.05,d0,l1000000,treeqmcbip_v1.0.0_n2_wrootx,185775790580,0.9715326579326515
simNo1,s100,m300,h1,minVAF0.005,ISAV0,n1000,fp0.001,fn0.2,na0.05,d0,l1000000,treeqmcbip_v1.0.0_n2_wrootx,135138220926,0.9047071370925549
simNo1,s100,m300,h1,minVAF0.005,ISAV0,n300,fp0.001,fn0.05,na0.05,d0,l1000000,treeqmcbip_v1.0.0_n2_wrootx,1514519987,0.973709300259877
simNo1,s100,m300,h1,minVAF0.005,ISAV0,n300,fp0.001,fn0.2,na0.05,d0,l1000000,treeqmcbip_v1.0.0_n2_wrootx,1101102133,0.8968494537120636
simNo2,s100,m1000,h1,minVAF0.005,ISAV0,n300,fp0.001,fn0.05,na0.05,d0,l1000000,treeqmcbip_v1.0.0_n2_wrootx,3121464362,0.971431273657082
simNo2,s100,m1000,h1,minVAF0.005,ISAV0,n300,fp0.001,fn0.2,na0.05,d0,l1000000,treeqmcbip_v1.0.0_n2_wrootx,2300384744,0.9339114370076218
simNo2,s100,m300,h1,minVAF0.005,ISAV0,n1000,fp0.001,fn0.05,na0.05,d0,l1000000,treeqmcbip_v1.0.0_n2_wrootx,157674621530,0.9531725937451923
simNo2,s100,m300,h1,minVAF0.005,ISAV0,n1000,fp0.001,fn0.2,na0.05,d0,l1000000,treeqmcbip_v1.0.0_n2_wrootx,120850783199,0.855169447239533
simNo2,s100,m300,h1,minVAF0.005,ISAV0,n300,fp0.001,fn0.05,na0.05,d0,l1000000,treeqmcbip_v1.0.0_n2_wrootx,1377625039,0.9591978713502329
simNo2,s100,m300,h1,minVAF0.005,ISAV0,n300,fp0.001,fn0.2,na0.05,d0,l1000000,treeqmcbip_v1.0.0_n2_wrootx,1074912008,0.8579761381869586
simNo3,s100,m1000,h1,minVAF0.005,ISAV0,n300,fp0.001,fn0.05,na0.05,d0,l1000000,treeqmcbip_v1.0.0_n2_wrootx,3232084093,0.9684931790794131
simNo3,s100,m1000,h1,minVAF0.005,ISAV0,n300,fp0.001,fn0.2,na0.05,d0,l1000000,treeqmcbip_v1.0.0_n2_wrootx,2396077832,0.9289291590514703
simNo3,s100,m300,h1,minVAF0.005,ISAV0,n1000,fp0.001,fn0.05,na0.05,d0,l1000000,treeqmcbip_v1.0.0_n2_wrootx,147975209057,0.9605397620405155
simNo3,s100,m300,h1,minVAF0.005,ISAV0,n1000,fp0.001,fn0.2,na0.05,d0,l1000000,treeqmcbip_v1.0.0_n2_wrootx,110100699049,0.8838948054157593
simNo3,s100,m300,h1,minVAF0.005,ISAV0,n300,fp0.001,fn0.05,na0.05,d0,l1000000,treeqmcbip_v1.0.0_n2_wrootx,1159178514,0.9570883665081225
simNo3,s100,m300,h1,minVAF0.005,ISAV0,n300,fp0.001,fn0.2,na0.05,d0,l1000000,treeqmcbip_v1.0.0_n2_wrootx,862964096,0.8759314935703898
simNo4,s100,m1000,h1,minVAF0.005,ISAV0,n300,fp0.001,fn0.05,na0.05,d0,l1000000,treeqmcbip_v1.0.0_n2_wrootx,5336997683,0.9440318150696901
simNo4,s100,m1000,h1,minVAF0.005,ISAV0,n300,fp0.001,fn0.2,na0.05,d0,l1000000,treeqmcbip_v1.0.0_n2_wrootx,4241563445,0.7917984045698487
simNo4,s100,m300,h1,minVAF0.005,ISAV0,n1000,fp0.001,fn0.05,na0.05,d0,l1000000,treeqmcbip_v1.0.0_n2_wrootx,123424115115,0.9501598584818064
simNo4,s100,m300,h1,minVAF0.005,ISAV0,n1000,fp0.001,fn0.2,na0.05,d0,l1000000,treeqmcbip_v1.0.0_n2_wrootx,95264364881,0.8499752685482087
simNo4,s100,m300,h1,minVAF0.005,ISAV0,n300,fp0.001,fn0.05,na0.05,d0,l1000000,treeqmcbip_v1.0.0_n2_wrootx,952354832,0.9535323672374164
simNo4,s100,m300,h1,minVAF0.005,ISAV0,n300,fp0.001,fn0.2,na0.05,d0,l1000000,treeqmcbip_v1.0.0_n2_wrootx,755227955,0.8541658253882037
simNo5,s100,m1000,h1,minVAF0.005,ISAV0,n300,fp0.001,fn0.05,na0.05,d0,l1000000,treeqmcbip_v1.0.0_n2_wrootx,3772187386,0.9006090953658513
simNo5,s100,m1000,h1,minVAF0.005,ISAV0,n300,fp0.001,fn0.2,na0.05,d0,l1000000,treeqmcbip_v1.0.0_n2_wrootx,3265237271,0.6919327476280743
simNo5,s100,m300,h1,minVAF0.005,ISAV0,n1000,fp0.001,fn0.05,na0.05,d0,l1000000,treeqmcbip_v1.0.0_n2_wrootx,176782490501,0.9400323205995824
simNo5,s100,m300,h1,minVAF0.005,ISAV0,n1000,fp0.001,fn0.2,na0.05,d0,l1000000,treeqmcbip_v1.0.0_n2_wrootx,136343177221,0.8074253759256433
simNo5,s100,m300,h1,minVAF0.005,ISAV0,n300,fp0.001,fn0.05,na0.05,d0,l1000000,treeqmcbip_v1.0.0_n2_wrootx,1385278956,0.9422519941524421
simNo5,s100,m300,h1,minVAF0.005,ISAV0,n300,fp0.001,fn0.2,na0.05,d0,l1000000,treeqmcbip_v1.0.0_n2_wrootx,1128643289,0.8082326095666161
simNo6,s100,m1000,h1,minVAF0.005,ISAV0,n300,fp0.001,fn0.05,na0.05,d0,l1000000,treeqmcbip_v1.0.0_n2_wrootx,3330431706,0.9590126731866159
simNo6,s100,m1000,h1,minVAF0.005,ISAV0,n300,fp0.001,fn0.2,na0.05,d0,l1000000,treeqmcbip_v1.0.0_n2_wrootx,2500825053,0.8649842170220172
simNo6,s100,m300,h1,minVAF0.005,ISAV0,n1000,fp0.001,fn0.05,na0.05,d0,l1000000,treeqmcbip_v1.0.0_n2_wrootx,151102483252,0.9716953050437708
simNo6,s100,m300,h1,minVAF0.005,ISAV0,n1000,fp0.001,fn0.2,na0.05,d0,l1000000,treeqmcbip_v1.0.0_n2_wrootx,109556217701,0.9287594741814932
simNo6,s100,m300,h1,minVAF0.005,ISAV0,n300,fp0.001,fn0.05,na0.05,d0,l1000000,treeqmcbip_v1.0.0_n2_wrootx,1201580956,0.9712981668552587
simNo6,s100,m300,h1,minVAF0.005,ISAV0,n300,fp0.001,fn0.2,na0.05,d0,l1000000,treeqmcbip_v1.0.0_n2_wrootx,885844079,0.9370993184705141
simNo7,s100,m1000,h1,minVAF0.005,ISAV0,n300,fp0.001,fn0.05,na0.05,d0,l1000000,treeqmcbip_v1.0.0_n2_wrootx,4004667875,0.9729569671223663
simNo7,s100,m1000,h1,minVAF0.005,ISAV0,n300,fp0.001,fn0.2,na0.05,d0,l1000000,treeqmcbip_v1.0.0_n2_wrootx,2878917187,0.9172997401168883
simNo7,s100,m300,h1,minVAF0.005,ISAV0,n1000,fp0.001,fn0.05,na0.05,d0,l1000000,treeqmcbip_v1.0.0_n2_wrootx,181305486549,0.9606522782483898
simNo7,s100,m300,h1,minVAF0.005,ISAV0,n1000,fp0.001,fn0.2,na0.05,d0,l1000000,treeqmcbip_v1.0.0_n2_wrootx,135381266952,0.876065078218411
simNo7,s100,m300,h1,minVAF0.005,ISAV0,n300,fp0.001,fn0.05,na0.05,d0,l1000000,treeqmcbip_v1.0.0_n2_wrootx,1465929456,0.9607781560756193
simNo7,s100,m300,h1,minVAF0.005,ISAV0,n300,fp0.001,fn0.2,na0.05,d0,l1000000,treeqmcbip_v1.0.0_n2_wrootx,1107627511,0.880535327155836
simNo8,s100,m1000,h1,minVAF0.005,ISAV0,n300,fp0.001,fn0.05,na0.05,d0,l1000000,treeqmcbip_v1.0.0_n2_wrootx,4634114343,0.9581352478076586
simNo8,s100,m1000,h1,minVAF0.005,ISAV0,n300,fp0.001,fn0.2,na0.05,d0,l1000000,treeqmcbip_v1.0.0_n2_wrootx,3446393768,0.8848893695388316
simNo8,s100,m300,h1,minVAF0.005,ISAV0,n1000,fp0.001,fn0.05,na0.05,d0,l1000000,treeqmcbip_v1.0.0_n2_wrootx,154948697431,0.9605543847916262
simNo8,s100,m300,h1,minVAF0.005,ISAV0,n1000,fp0.001,fn0.2,na0.05,d0,l1000000,treeqmcbip_v1.0.0_n2_wrootx,116331030368,0.8933972356155806
simNo8,s100,m300,h1,minVAF0.005,ISAV0,n300,fp0.001,fn0.05,na0.05,d0,l1000000,treeqmcbip_v1.0.0_n2_wrootx,1287689951,0.9640764139292686
simNo8,s100,m300,h1,minVAF0.005,ISAV0,n300,fp0.001,fn0.2,na0.05,d0,l1000000,treeqmcbip_v1.0.0_n2_wrootx,936242854,0.897639229923957
simNo9,s100,m1000,h1,minVAF0.005,ISAV0,n300,fp0.001,fn0.05,na0.05,d0,l1000000,treeqmcbip_v1.0.0_n2_wrootx,5406664579,0.9363426998813004
simNo9,s100,m1000,h1,minVAF0.005,ISAV0,n300,fp0.001,fn0.2,na0.05,d0,l1000000,treeqmcbip_v1.0.0_n2_wrootx,4369798322,0.7707751359892873
simNo9,s100,m300,h1,minVAF0.005,ISAV0,n1000,fp0.001,fn0.05,na0.05,d0,l1000000,treeqmcbip_v1.0.0_n2_wrootx,174531025006,0.9580997620938293
simNo9,s100,m300,h1,minVAF0.005,ISAV0,n1000,fp0.001,fn0.2,na0.05,d0,l1000000,treeqmcbip_v1.0.0_n2_wrootx,130303937614,0.8774699028019647
simNo9,s100,m300,h1,minVAF0.005,ISAV0,n300,fp0.001,fn0.05,na0.05,d0,l1000000,treeqmcbip_v1.0.0_n2_wrootx,1407658029,0.9618992490080305
simNo9,s100,m300,h1,minVAF0.005,ISAV0,n300,fp0.001,fn0.2,na0.05,d0,l1000000,treeqmcbip_v1.0.0_n2_wrootx,1062424229,0.885857746275484
