simNo10,s100,m1000,h1,minVAF0.005,ISAV0,n300,fp0.001,fn0.05,na0.05,d0,l1000000,fastral_wrootx_wmuts,4040,471612,45,1079,433206,35670,7195,705,30669,437440,1590,7046,31
simNo10,s100,m1000,h1,minVAF0.005,ISAV0,n300,fp0.001,fn0.2,na0.05,d0,l1000000,fastral_wrootx_wmuts,2818,459982,152,2178,422655,34426,6798,1251,29603,425859,3043,6564,61
simNo10,s100,m300,h1,minVAF0.005,ISAV0,n1000,fp0.001,fn0.05,na0.05,d0,l1000000,fastral_wrootx_wmuts,216,44439,0,195,42359,2491,0,0,2080,42575,195,0,0
simNo10,s100,m300,h1,minVAF0.005,ISAV0,n1000,fp0.001,fn0.2,na0.05,d0,l1000000,fastral_wrootx_wmuts,134,44427,12,277,42327,2422,69,32,1998,42471,299,71,11
simNo10,s100,m300,h1,minVAF0.005,ISAV0,n300,fp0.001,fn0.05,na0.05,d0,l1000000,fastral_wrootx_wmuts,258,41507,5,135,38636,2217,958,94,1845,38928,195,929,8
simNo10,s100,m300,h1,minVAF0.005,ISAV0,n300,fp0.001,fn0.2,na0.05,d0,l1000000,fastral_wrootx_wmuts,146,39242,8,225,36432,2090,970,129,1724,36618,314,938,27
simNo1,s100,m1000,h1,minVAF0.005,ISAV0,n300,fp0.001,fn0.05,na0.05,d0,l1000000,fastral_wrootx_wmuts,3963,463992,42,999,423578,36413,8549,456,31517,427677,1319,8455,28
simNo1,s100,m1000,h1,minVAF0.005,ISAV0,n300,fp0.001,fn0.2,na0.05,d0,l1000000,fastral_wrootx_wmuts,3030,452492,93,1831,415941,35678,5065,762,30866,419145,2419,4984,32
simNo1,s100,m300,h1,minVAF0.005,ISAV0,n1000,fp0.001,fn0.05,na0.05,d0,l1000000,fastral_wrootx_wmuts,205,44421,4,220,41396,3434,7,13,3005,41603,231,9,2
simNo1,s100,m300,h1,minVAF0.005,ISAV0,n1000,fp0.001,fn0.2,na0.05,d0,l1000000,fastral_wrootx_wmuts,138,44413,12,287,41366,3384,57,43,2940,41508,326,65,11
simNo1,s100,m300,h1,minVAF0.005,ISAV0,n300,fp0.001,fn0.05,na0.05,d0,l1000000,fastral_wrootx_wmuts,279,39782,8,117,36580,3285,308,13,2896,36875,114,300,1
simNo1,s100,m300,h1,minVAF0.005,ISAV0,n300,fp0.001,fn0.2,na0.05,d0,l1000000,fastral_wrootx_wmuts,163,38920,37,220,34888,3072,1248,132,2662,35086,317,1250,25
simNo2,s100,m1000,h1,minVAF0.005,ISAV0,n300,fp0.001,fn0.05,na0.05,d0,l1000000,fastral_wrootx_wmuts,3769,463140,56,1063,438265,26607,2540,616,21916,442251,1462,2379,20
simNo2,s100,m1000,h1,minVAF0.005,ISAV0,n300,fp0.001,fn0.2,na0.05,d0,l1000000,fastral_wrootx_wmuts,2560,441172,282,2026,413376,25285,6447,932,20648,416215,2679,6450,48
simNo2,s100,m300,h1,minVAF0.005,ISAV0,n1000,fp0.001,fn0.05,na0.05,d0,l1000000,fastral_wrootx_wmuts,203,44449,1,197,41253,3597,0,0,3196,41456,197,1,0
simNo2,s100,m300,h1,minVAF0.005,ISAV0,n1000,fp0.001,fn0.2,na0.05,d0,l1000000,fastral_wrootx_wmuts,137,44445,5,263,41219,3573,24,34,3159,41358,295,27,11
simNo2,s100,m300,h1,minVAF0.005,ISAV0,n300,fp0.001,fn0.05,na0.05,d0,l1000000,fastral_wrootx_wmuts,301,43818,15,119,40006,3571,596,80,3147,40318,188,600,0
simNo2,s100,m300,h1,minVAF0.005,ISAV0,n300,fp0.001,fn0.2,na0.05,d0,l1000000,fastral_wrootx_wmuts,191,42059,20,216,38493,3388,410,195,2980,38717,378,397,14
simNo3,s100,m1000,h1,minVAF0.005,ISAV0,n300,fp0.001,fn0.05,na0.05,d0,l1000000,fastral_wrootx_wmuts,3795,472945,66,947,446997,28124,2212,420,23423,450902,1257,2168,3
simNo3,s100,m1000,h1,minVAF0.005,ISAV0,n300,fp0.001,fn0.2,na0.05,d0,l1000000,fastral_wrootx_wmuts,2533,459314,263,2056,431657,26832,4869,808,22160,434487,2567,4835,117
simNo3,s100,m300,h1,minVAF0.005,ISAV0,n1000,fp0.001,fn0.05,na0.05,d0,l1000000,fastral_wrootx_wmuts,211,44395,6,238,41867,2983,0,0,2524,42078,238,6,4
simNo3,s100,m300,h1,minVAF0.005,ISAV0,n1000,fp0.001,fn0.2,na0.05,d0,l1000000,fastral_wrootx_wmuts,139,44399,2,310,41850,2938,45,17,2487,41993,323,43,4
simNo3,s100,m300,h1,minVAF0.005,ISAV0,n300,fp0.001,fn0.05,na0.05,d0,l1000000,fastral_wrootx_wmuts,289,41468,21,127,37825,2768,1233,79,2363,38151,169,1217,5
simNo3,s100,m300,h1,minVAF0.005,ISAV0,n300,fp0.001,fn0.2,na0.05,d0,l1000000,fastral_wrootx_wmuts,156,38935,28,221,36200,2666,360,114,2241,36371,320,373,35
simNo4,s100,m1000,h1,minVAF0.005,ISAV0,n300,fp0.001,fn0.05,na0.05,d0,l1000000,fastral_wrootx_wmuts,3971,474686,78,975,423387,49650,6039,634,44751,427515,1452,5960,32
simNo4,s100,m1000,h1,minVAF0.005,ISAV0,n300,fp0.001,fn0.2,na0.05,d0,l1000000,fastral_wrootx_wmuts,2548,460086,223,2273,406758,48264,9130,978,43484,409654,2903,9005,84
simNo4,s100,m300,h1,minVAF0.005,ISAV0,n1000,fp0.001,fn0.05,na0.05,d0,l1000000,fastral_wrootx_wmuts,177,44452,1,220,42285,2560,1,4,2159,42463,223,1,4
simNo4,s100,m300,h1,minVAF0.005,ISAV0,n1000,fp0.001,fn0.2,na0.05,d0,l1000000,fastral_wrootx_wmuts,102,44436,17,295,42245,2543,18,44,2119,42351,335,31,14
simNo4,s100,m300,h1,minVAF0.005,ISAV0,n300,fp0.001,fn0.05,na0.05,d0,l1000000,fastral_wrootx_wmuts,300,42373,9,96,40265,2466,25,22,2052,40572,111,27,16
simNo4,s100,m300,h1,minVAF0.005,ISAV0,n300,fp0.001,fn0.2,na0.05,d0,l1000000,fastral_wrootx_wmuts,173,40904,38,213,38751,2289,137,151,1868,38957,331,142,30
simNo5,s100,m1000,h1,minVAF0.005,ISAV0,n300,fp0.001,fn0.05,na0.05,d0,l1000000,fastral_wrootx_wmuts,4070,459002,80,1014,403731,52751,6963,721,47779,407997,1539,6847,4
simNo5,s100,m1000,h1,minVAF0.005,ISAV0,n300,fp0.001,fn0.2,na0.05,d0,l1000000,fastral_wrootx_wmuts,2626,449420,163,2372,390937,51991,10694,959,47105,393926,2968,10494,88
simNo5,s100,m300,h1,minVAF0.005,ISAV0,n1000,fp0.001,fn0.05,na0.05,d0,l1000000,fastral_wrootx_wmuts,174,44469,0,207,41394,3447,0,9,3062,41568,216,0,4
simNo5,s100,m300,h1,minVAF0.005,ISAV0,n1000,fp0.001,fn0.2,na0.05,d0,l1000000,fastral_wrootx_wmuts,116,44459,10,265,41356,3442,5,47,3041,41474,310,13,12
simNo5,s100,m300,h1,minVAF0.005,ISAV0,n300,fp0.001,fn0.05,na0.05,d0,l1000000,fastral_wrootx_wmuts,264,44164,6,117,41087,3396,45,23,3014,41358,133,44,2
simNo5,s100,m300,h1,minVAF0.005,ISAV0,n300,fp0.001,fn0.2,na0.05,d0,l1000000,fastral_wrootx_wmuts,163,42382,27,206,38997,3253,381,147,2866,39191,322,377,22
simNo6,s100,m1000,h1,minVAF0.005,ISAV0,n300,fp0.001,fn0.05,na0.05,d0,l1000000,fastral_wrootx_wmuts,3837,457138,78,1188,423023,29410,9030,778,24576,427141,1685,8827,12
simNo6,s100,m1000,h1,minVAF0.005,ISAV0,n300,fp0.001,fn0.2,na0.05,d0,l1000000,fastral_wrootx_wmuts,2525,441905,213,2342,409031,28346,8480,1128,23613,411940,3086,8309,37
simNo6,s100,m300,h1,minVAF0.005,ISAV0,n1000,fp0.001,fn0.05,na0.05,d0,l1000000,fastral_wrootx_wmuts,206,44437,3,204,41987,2857,0,6,2444,42193,210,3,0
simNo6,s100,m300,h1,minVAF0.005,ISAV0,n1000,fp0.001,fn0.2,na0.05,d0,l1000000,fastral_wrootx_wmuts,133,44437,3,277,41990,2840,17,3,2430,42133,270,10,7
simNo6,s100,m300,h1,minVAF0.005,ISAV0,n300,fp0.001,fn0.05,na0.05,d0,l1000000,fastral_wrootx_wmuts,304,42036,12,134,38785,2688,916,97,2262,39113,207,904,0
simNo6,s100,m300,h1,minVAF0.005,ISAV0,n300,fp0.001,fn0.2,na0.05,d0,l1000000,fastral_wrootx_wmuts,152,40874,29,273,37717,2633,924,54,2187,37898,298,924,21
simNo7,s100,m1000,h1,minVAF0.005,ISAV0,n300,fp0.001,fn0.05,na0.05,d0,l1000000,fastral_wrootx_wmuts,3948,457148,35,1110,425807,30147,5547,740,25300,430009,1596,5328,8
simNo7,s100,m1000,h1,minVAF0.005,ISAV0,n300,fp0.001,fn0.2,na0.05,d0,l1000000,fastral_wrootx_wmuts,2587,448524,161,2356,412106,29396,11290,836,24634,415129,2756,11015,94
simNo7,s100,m300,h1,minVAF0.005,ISAV0,n1000,fp0.001,fn0.05,na0.05,d0,l1000000,fastral_wrootx_wmuts,172,44447,1,230,41650,3200,0,0,2796,41822,230,1,1
simNo7,s100,m300,h1,minVAF0.005,ISAV0,n1000,fp0.001,fn0.2,na0.05,d0,l1000000,fastral_wrootx_wmuts,163,44431,17,239,41630,3180,20,20,2756,41795,257,35,7
simNo7,s100,m300,h1,minVAF0.005,ISAV0,n300,fp0.001,fn0.05,na0.05,d0,l1000000,fastral_wrootx_wmuts,262,40651,10,118,37109,2926,908,98,2546,37388,199,901,7
simNo7,s100,m300,h1,minVAF0.005,ISAV0,n300,fp0.001,fn0.2,na0.05,d0,l1000000,fastral_wrootx_wmuts,160,39240,24,197,35756,2795,937,133,2410,35939,307,938,27
simNo8,s100,m1000,h1,minVAF0.005,ISAV0,n300,fp0.001,fn0.05,na0.05,d0,l1000000,fastral_wrootx_wmuts,3983,478553,53,1047,439032,35229,8779,596,30284,443153,1505,8694,0
simNo8,s100,m1000,h1,minVAF0.005,ISAV0,n300,fp0.001,fn0.2,na0.05,d0,l1000000,fastral_wrootx_wmuts,2837,459193,116,2020,421320,33919,8119,808,29102,424389,2596,8003,76
simNo8,s100,m300,h1,minVAF0.005,ISAV0,n1000,fp0.001,fn0.05,na0.05,d0,l1000000,fastral_wrootx_wmuts,187,44455,0,208,42083,2767,0,0,2372,42270,208,0,0
simNo8,s100,m300,h1,minVAF0.005,ISAV0,n1000,fp0.001,fn0.2,na0.05,d0,l1000000,fastral_wrootx_wmuts,150,44439,16,245,42070,2758,9,13,2337,42222,256,23,12
simNo8,s100,m300,h1,minVAF0.005,ISAV0,n300,fp0.001,fn0.05,na0.05,d0,l1000000,fastral_wrootx_wmuts,264,42086,4,132,39221,2655,583,27,2267,39499,145,573,2
simNo8,s100,m300,h1,minVAF0.005,ISAV0,n300,fp0.001,fn0.2,na0.05,d0,l1000000,fastral_wrootx_wmuts,199,41200,26,191,38668,2541,363,44,2129,38889,213,367,18
simNo9,s100,m1000,h1,minVAF0.005,ISAV0,n300,fp0.001,fn0.05,na0.05,d0,l1000000,fastral_wrootx_wmuts,4046,471839,57,834,420897,47203,7689,987,42408,425107,1657,7582,22
simNo9,s100,m1000,h1,minVAF0.005,ISAV0,n300,fp0.001,fn0.2,na0.05,d0,l1000000,fastral_wrootx_wmuts,2683,457251,233,2074,407429,45550,7589,1673,40852,410493,3366,7441,89
simNo9,s100,m300,h1,minVAF0.005,ISAV0,n1000,fp0.001,fn0.05,na0.05,d0,l1000000,fastral_wrootx_wmuts,198,44445,10,197,41440,3410,0,0,3000,41638,197,10,5
simNo9,s100,m300,h1,minVAF0.005,ISAV0,n1000,fp0.001,fn0.2,na0.05,d0,l1000000,fastral_wrootx_wmuts,142,44435,20,253,41438,3408,2,2,2974,41582,253,20,21
simNo9,s100,m300,h1,minVAF0.005,ISAV0,n300,fp0.001,fn0.05,na0.05,d0,l1000000,fastral_wrootx_wmuts,282,42936,13,134,39657,3218,385,105,2806,39962,216,375,6
simNo9,s100,m300,h1,minVAF0.005,ISAV0,n300,fp0.001,fn0.2,na0.05,d0,l1000000,fastral_wrootx_wmuts,173,41466,37,229,38323,3146,355,81,2693,38511,295,377,29
simNo10,s100,m1000,h1,minVAF0.005,ISAV0,n300,fp0.001,fn0.05,na0.05,d0,l1000000,fastme_v2.1.5_wrootx_wmuts,3866,471621,36,1253,433130,35540,7325,781,30607,437228,1802,7129,10
simNo10,s100,m1000,h1,minVAF0.005,ISAV0,n300,fp0.001,fn0.2,na0.05,d0,l1000000,fastme_v2.1.5_wrootx_wmuts,2813,459990,144,2183,422625,34400,6824,1281,29584,425803,3099,6603,41
simNo10,s100,m300,h1,minVAF0.005,ISAV0,n1000,fp0.001,fn0.05,na0.05,d0,l1000000,fastme_v2.1.5_wrootx_wmuts,170,44439,0,241,42357,2490,1,2,2079,42527,243,1,0
simNo10,s100,m300,h1,minVAF0.005,ISAV0,n1000,fp0.001,fn0.2,na0.05,d0,l1000000,fastme_v2.1.5_wrootx_wmuts,120,44437,2,291,42315,2411,80,44,1998,42444,326,73,9
simNo10,s100,m300,h1,minVAF0.005,ISAV0,n300,fp0.001,fn0.05,na0.05,d0,l1000000,fastme_v2.1.5_wrootx_wmuts,213,41505,7,180,38645,2222,953,85,1848,38892,231,926,8
simNo10,s100,m300,h1,minVAF0.005,ISAV0,n300,fp0.001,fn0.2,na0.05,d0,l1000000,fastme_v2.1.5_wrootx_wmuts,161,39235,15,210,36446,2157,903,115,1786,36635,297,890,13
simNo1,s100,m1000,h1,minVAF0.005,ISAV0,n300,fp0.001,fn0.05,na0.05,d0,l1000000,fastme_v2.1.5_wrootx_wmuts,3588,463998,36,1374,423525,36370,8592,509,31528,427271,1725,8470,2
simNo1,s100,m1000,h1,minVAF0.005,ISAV0,n300,fp0.001,fn0.2,na0.05,d0,l1000000,fastme_v2.1.5_wrootx_wmuts,2994,452486,99,1867,415882,35681,5062,821,30883,419046,2518,4991,8
simNo1,s100,m300,h1,minVAF0.005,ISAV0,n1000,fp0.001,fn0.05,na0.05,d0,l1000000,fastme_v2.1.5_wrootx_wmuts,156,44424,1,269,41396,3434,7,13,3006,41554,280,6,4
simNo1,s100,m300,h1,minVAF0.005,ISAV0,n1000,fp0.001,fn0.2,na0.05,d0,l1000000,fastme_v2.1.5_wrootx_wmuts,122,44413,12,303,41395,3407,34,14,2966,41519,315,44,6
simNo1,s100,m300,h1,minVAF0.005,ISAV0,n300,fp0.001,fn0.05,na0.05,d0,l1000000,fastme_v2.1.5_wrootx_wmuts,257,39783,7,139,36537,3293,300,56,2902,36808,181,293,2
simNo1,s100,m300,h1,minVAF0.005,ISAV0,n300,fp0.001,fn0.2,na0.05,d0,l1000000,fastme_v2.1.5_wrootx_wmuts,163,38927,30,220,34905,3138,1182,115,2739,35102,301,1178,20
simNo2,s100,m1000,h1,minVAF0.005,ISAV0,n300,fp0.001,fn0.05,na0.05,d0,l1000000,fastme_v2.1.5_wrootx_wmuts,3465,463129,67,1367,438279,26527,2620,602,21812,441940,1773,2491,12
simNo2,s100,m1000,h1,minVAF0.005,ISAV0,n300,fp0.001,fn0.2,na0.05,d0,l1000000,fastme_v2.1.5_wrootx_wmuts,2399,441214,240,2187,413481,25109,6623,827,20537,416178,2716,6565,44
simNo2,s100,m300,h1,minVAF0.005,ISAV0,n1000,fp0.001,fn0.05,na0.05,d0,l1000000,fastme_v2.1.5_wrootx_wmuts,161,44450,0,239,41253,3597,0,0,3197,41414,239,0,0
simNo2,s100,m300,h1,minVAF0.005,ISAV0,n1000,fp0.001,fn0.2,na0.05,d0,l1000000,fastme_v2.1.5_wrootx_wmuts,131,44448,2,269,41248,3577,20,5,3172,41384,269,17,8
simNo2,s100,m300,h1,minVAF0.005,ISAV0,n300,fp0.001,fn0.05,na0.05,d0,l1000000,fastme_v2.1.5_wrootx_wmuts,294,43829,4,126,40022,3587,580,64,3169,40323,183,577,1
simNo2,s100,m300,h1,minVAF0.005,ISAV0,n300,fp0.001,fn0.2,na0.05,d0,l1000000,fastme_v2.1.5_wrootx_wmuts,183,42063,16,224,38552,3439,359,136,3030,38759,336,351,10
simNo3,s100,m1000,h1,minVAF0.005,ISAV0,n300,fp0.001,fn0.05,na0.05,d0,l1000000,fastme_v2.1.5_wrootx_wmuts,3445,472958,53,1297,447032,28031,2305,385,23348,450609,1550,2226,20
simNo3,s100,m1000,h1,minVAF0.005,ISAV0,n300,fp0.001,fn0.2,na0.05,d0,l1000000,fastme_v2.1.5_wrootx_wmuts,2546,459411,166,2043,431770,27079,4622,695,22512,434572,2482,4532,68
simNo3,s100,m300,h1,minVAF0.005,ISAV0,n1000,fp0.001,fn0.05,na0.05,d0,l1000000,fastme_v2.1.5_wrootx_wmuts,178,44400,1,271,41867,2983,0,0,2531,42045,271,1,2
simNo3,s100,m300,h1,minVAF0.005,ISAV0,n1000,fp0.001,fn0.2,na0.05,d0,l1000000,fastme_v2.1.5_wrootx_wmuts,121,44394,7,328,41859,2956,27,8,2496,41981,335,33,5
simNo3,s100,m300,h1,minVAF0.005,ISAV0,n300,fp0.001,fn0.05,na0.05,d0,l1000000,fastme_v2.1.5_wrootx_wmuts,262,41477,12,154,37848,2769,1232,56,2377,38147,173,1207,1
simNo3,s100,m300,h1,minVAF0.005,ISAV0,n300,fp0.001,fn0.2,na0.05,d0,l1000000,fastme_v2.1.5_wrootx_wmuts,163,38947,16,214,36147,2635,391,167,2250,36337,354,380,19
simNo4,s100,m1000,h1,minVAF0.005,ISAV0,n300,fp0.001,fn0.05,na0.05,d0,l1000000,fastme_v2.1.5_wrootx_wmuts,3751,474699,65,1195,423442,49689,6000,579,44803,427329,1638,5929,11
simNo4,s100,m1000,h1,minVAF0.005,ISAV0,n300,fp0.001,fn0.2,na0.05,d0,l1000000,fastme_v2.1.5_wrootx_wmuts,2640,460156,153,2181,406945,48411,8983,791,43691,409871,2686,8850,32
simNo4,s100,m300,h1,minVAF0.005,ISAV0,n1000,fp0.001,fn0.05,na0.05,d0,l1000000,fastme_v2.1.5_wrootx_wmuts,133,44453,0,264,42282,2560,1,7,2164,42416,270,0,0
simNo4,s100,m300,h1,minVAF0.005,ISAV0,n1000,fp0.001,fn0.2,na0.05,d0,l1000000,fastme_v2.1.5_wrootx_wmuts,105,44439,14,292,42250,2538,23,39,2091,42360,326,32,41
simNo4,s100,m300,h1,minVAF0.005,ISAV0,n300,fp0.001,fn0.05,na0.05,d0,l1000000,fastme_v2.1.5_wrootx_wmuts,269,42373,9,127,40257,2459,32,30,2048,40536,147,31,16
simNo4,s100,m300,h1,minVAF0.005,ISAV0,n300,fp0.001,fn0.2,na0.05,d0,l1000000,fastme_v2.1.5_wrootx_wmuts,158,40911,31,228,38777,2340,86,125,1910,38962,326,90,40
simNo5,s100,m1000,h1,minVAF0.005,ISAV0,n300,fp0.001,fn0.05,na0.05,d0,l1000000,fastme_v2.1.5_wrootx_wmuts,3958,459006,76,1126,403743,52780,6934,709,47787,407885,1651,6826,17
simNo5,s100,m1000,h1,minVAF0.005,ISAV0,n300,fp0.001,fn0.2,na0.05,d0,l1000000,fastme_v2.1.5_wrootx_wmuts,2589,449422,161,2409,391067,51999,10686,829,47090,393949,2945,10554,43
simNo5,s100,m300,h1,minVAF0.005,ISAV0,n1000,fp0.001,fn0.05,na0.05,d0,l1000000,fastme_v2.1.5_wrootx_wmuts,130,44469,0,251,41403,3447,0,0,3066,41533,251,0,0
simNo5,s100,m300,h1,minVAF0.005,ISAV0,n1000,fp0.001,fn0.2,na0.05,d0,l1000000,fastme_v2.1.5_wrootx_wmuts,90,44454,15,291,41367,3442,5,36,3024,41457,327,20,22
simNo5,s100,m300,h1,minVAF0.005,ISAV0,n300,fp0.001,fn0.05,na0.05,d0,l1000000,fastme_v2.1.5_wrootx_wmuts,244,44167,3,137,41109,3428,13,1,3046,41355,136,14,0
simNo5,s100,m300,h1,minVAF0.005,ISAV0,n300,fp0.001,fn0.2,na0.05,d0,l1000000,fastme_v2.1.5_wrootx_wmuts,183,42392,17,186,38996,3256,378,148,2878,39206,307,368,19
simNo6,s100,m1000,h1,minVAF0.005,ISAV0,n300,fp0.001,fn0.05,na0.05,d0,l1000000,fastme_v2.1.5_wrootx_wmuts,3715,457136,80,1310,423023,29404,9036,778,24568,427019,1807,8835,12
simNo6,s100,m1000,h1,minVAF0.005,ISAV0,n300,fp0.001,fn0.2,na0.05,d0,l1000000,fastme_v2.1.5_wrootx_wmuts,2531,442007,111,2336,409124,28418,8408,1035,23747,412008,3018,8166,46
simNo6,s100,m300,h1,minVAF0.005,ISAV0,n1000,fp0.001,fn0.05,na0.05,d0,l1000000,fastme_v2.1.5_wrootx_wmuts,152,44440,0,258,41982,2857,0,11,2443,42134,269,0,4
simNo6,s100,m300,h1,minVAF0.005,ISAV0,n1000,fp0.001,fn0.2,na0.05,d0,l1000000,fastme_v2.1.5_wrootx_wmuts,121,44429,11,289,41978,2828,29,15,2401,42103,300,36,10
simNo6,s100,m300,h1,minVAF0.005,ISAV0,n300,fp0.001,fn0.05,na0.05,d0,l1000000,fastme_v2.1.5_wrootx_wmuts,267,42043,5,171,38799,2688,916,83,2263,39084,236,903,0
simNo6,s100,m300,h1,minVAF0.005,ISAV0,n300,fp0.001,fn0.2,na0.05,d0,l1000000,fastme_v2.1.5_wrootx_wmuts,168,40893,10,257,37687,2574,983,84,2155,37885,311,963,14
simNo7,s100,m1000,h1,minVAF0.005,ISAV0,n300,fp0.001,fn0.05,na0.05,d0,l1000000,fastme_v2.1.5_wrootx_wmuts,3669,457148,35,1389,425892,30372,5322,655,25469,429751,1854,5167,0
simNo7,s100,m1000,h1,minVAF0.005,ISAV0,n300,fp0.001,fn0.2,na0.05,d0,l1000000,fastme_v2.1.5_wrootx_wmuts,2715,448622,63,2228,412195,29308,11378,747,24670,415305,2580,11046,27
simNo7,s100,m300,h1,minVAF0.005,ISAV0,n1000,fp0.001,fn0.05,na0.05,d0,l1000000,fastme_v2.1.5_wrootx_wmuts,136,44445,3,266,41650,3184,16,0,2771,41786,266,19,8
simNo7,s100,m300,h1,minVAF0.005,ISAV0,n1000,fp0.001,fn0.2,na0.05,d0,l1000000,fastme_v2.1.5_wrootx_wmuts,127,44440,8,275,41630,3146,54,20,2732,41762,290,57,9
simNo7,s100,m300,h1,minVAF0.005,ISAV0,n300,fp0.001,fn0.05,na0.05,d0,l1000000,fastme_v2.1.5_wrootx_wmuts,248,40654,7,132,37118,2930,904,89,2554,37383,204,894,6
simNo7,s100,m300,h1,minVAF0.005,ISAV0,n300,fp0.001,fn0.2,na0.05,d0,l1000000,fastme_v2.1.5_wrootx_wmuts,146,39245,19,211,35759,2802,930,130,2440,35935,311,919,16
simNo8,s100,m1000,h1,minVAF0.005,ISAV0,n300,fp0.001,fn0.05,na0.05,d0,l1000000,fastme_v2.1.5_wrootx_wmuts,3766,478562,44,1264,439099,35213,8795,529,30274,443000,1658,8704,0
simNo8,s100,m1000,h1,minVAF0.005,ISAV0,n300,fp0.001,fn0.2,na0.05,d0,l1000000,fastme_v2.1.5_wrootx_wmuts,2780,459184,125,2077,421368,33889,8149,760,29095,424394,2591,8028,58
simNo8,s100,m300,h1,minVAF0.005,ISAV0,n1000,fp0.001,fn0.05,na0.05,d0,l1000000,fastme_v2.1.5_wrootx_wmuts,128,44455,0,267,42083,2767,0,0,2372,42211,267,0,0
simNo8,s100,m300,h1,minVAF0.005,ISAV0,n1000,fp0.001,fn0.2,na0.05,d0,l1000000,fastme_v2.1.5_wrootx_wmuts,141,44451,4,254,42074,2765,2,9,2365,42217,261,4,3
simNo8,s100,m300,h1,minVAF0.005,ISAV0,n300,fp0.001,fn0.05,na0.05,d0,l1000000,fastme_v2.1.5_wrootx_wmuts,229,42079,11,167,39204,2662,576,44,2263,39444,200,576,3
simNo8,s100,m300,h1,minVAF0.005,ISAV0,n300,fp0.001,fn0.2,na0.05,d0,l1000000,fastme_v2.1.5_wrootx_wmuts,204,41204,22,186,38660,2542,362,52,2126,38884,218,364,24
simNo9,s100,m1000,h1,minVAF0.005,ISAV0,n300,fp0.001,fn0.05,na0.05,d0,l1000000,fastme_v2.1.5_wrootx_wmuts,3827,471851,45,1053,420970,47227,7665,914,42462,424967,1797,7540,10
simNo9,s100,m1000,h1,minVAF0.005,ISAV0,n300,fp0.001,fn0.2,na0.05,d0,l1000000,fastme_v2.1.5_wrootx_wmuts,2740,457354,130,2017,407488,45594,7545,1614,40992,410563,3296,7340,50
simNo9,s100,m300,h1,minVAF0.005,ISAV0,n1000,fp0.001,fn0.05,na0.05,d0,l1000000,fastme_v2.1.5_wrootx_wmuts,155,44454,1,240,41440,3410,0,0,3012,41595,240,1,2
simNo9,s100,m300,h1,minVAF0.005,ISAV0,n1000,fp0.001,fn0.2,na0.05,d0,l1000000,fastme_v2.1.5_wrootx_wmuts,107,44449,6,288,41411,3404,6,29,2993,41521,314,9,13
simNo9,s100,m300,h1,minVAF0.005,ISAV0,n300,fp0.001,fn0.05,na0.05,d0,l1000000,fastme_v2.1.5_wrootx_wmuts,252,42939,10,164,39666,3193,410,96,2783,39942,236,396,8
simNo9,s100,m300,h1,minVAF0.005,ISAV0,n300,fp0.001,fn0.2,na0.05,d0,l1000000,fastme_v2.1.5_wrootx_wmuts,158,41480,23,244,38329,3147,354,75,2705,38499,307,365,29
simNo10,s100,m1000,h1,minVAF0.005,ISAV0,n300,fp0.001,fn0.05,na0.05,d0,l1000000,huntress_v0.1.2.0_default,4322,471390,267,797,433679,36037,6828,232,30732,438107,923,6989,25
simNo10,s100,m1000,h1,minVAF0.005,ISAV0,n300,fp0.001,fn0.2,na0.05,d0,l1000000,huntress_v0.1.2.0_default,2943,459718,416,2053,423384,34870,6354,522,29527,426529,2373,6568,133
simNo10,s100,m300,h1,minVAF0.005,ISAV0,n1000,fp0.001,fn0.05,na0.05,d0,l1000000,huntress_v0.1.2.0_default,293,44439,0,118,42359,2491,0,0,2080,42652,118,0,0
simNo10,s100,m300,h1,minVAF0.005,ISAV0,n1000,fp0.001,fn0.2,na0.05,d0,l1000000,huntress_v0.1.2.0_default,142,44436,3,269,42351,2468,23,8,2058,42497,273,22,0
simNo10,s100,m300,h1,minVAF0.005,ISAV0,n300,fp0.001,fn0.05,na0.05,d0,l1000000,huntress_v0.1.2.0_default,305,41489,23,88,38696,2288,887,34,1883,39016,107,895,4
simNo10,s100,m300,h1,minVAF0.005,ISAV0,n300,fp0.001,fn0.2,na0.05,d0,l1000000,huntress_v0.1.2.0_default,168,39229,21,203,36191,2131,929,370,1750,36385,547,924,15
simNo1,s100,m1000,h1,minVAF0.005,ISAV0,n300,fp0.001,fn0.05,na0.05,d0,l1000000,huntress_v0.1.2.0_default,4191,463965,69,771,423660,36489,8473,374,31544,427937,1059,8456,0
simNo1,s100,m1000,h1,minVAF0.005,ISAV0,n300,fp0.001,fn0.2,na0.05,d0,l1000000,huntress_v0.1.2.0_default,3069,452246,339,1792,416453,35876,4867,250,30776,419669,1895,5059,47
simNo1,s100,m300,h1,minVAF0.005,ISAV0,n1000,fp0.001,fn0.05,na0.05,d0,l1000000,huntress_v0.1.2.0_default,300,44421,4,125,41409,3441,0,0,3012,41709,125,4,0
simNo1,s100,m300,h1,minVAF0.005,ISAV0,n1000,fp0.001,fn0.2,na0.05,d0,l1000000,huntress_v0.1.2.0_default,159,44423,2,266,41409,3428,13,0,2997,41568,266,15,4
simNo1,s100,m300,h1,minVAF0.005,ISAV0,n300,fp0.001,fn0.05,na0.05,d0,l1000000,huntress_v0.1.2.0_default,321,39768,22,75,36487,3260,333,106,2846,36813,176,350,1
simNo1,s100,m300,h1,minVAF0.005,ISAV0,n300,fp0.001,fn0.2,na0.05,d0,l1000000,huntress_v0.1.2.0_default,225,38945,12,158,34983,3171,1149,37,2783,35222,181,1147,7
simNo2,s100,m1000,h1,minVAF0.005,ISAV0,n300,fp0.001,fn0.05,na0.05,d0,l1000000,huntress_v0.1.2.0_default,4042,462793,403,790,430852,26813,2334,8029,21597,434991,8722,2640,78
simNo2,s100,m1000,h1,minVAF0.005,ISAV0,n300,fp0.001,fn0.2,na0.05,d0,l1000000,huntress_v0.1.2.0_default,2871,440915,539,1715,413878,25665,6067,430,20662,416945,1949,6410,74
simNo2,s100,m300,h1,minVAF0.005,ISAV0,n1000,fp0.001,fn0.05,na0.05,d0,l1000000,huntress_v0.1.2.0_default,244,44450,0,156,41253,3597,0,0,3197,41497,156,0,0
simNo2,s100,m300,h1,minVAF0.005,ISAV0,n1000,fp0.001,fn0.2,na0.05,d0,l1000000,huntress_v0.1.2.0_default,129,44430,20,271,41253,3597,0,0,3172,41382,271,20,5
simNo2,s100,m300,h1,minVAF0.005,ISAV0,n300,fp0.001,fn0.05,na0.05,d0,l1000000,huntress_v0.1.2.0_default,354,43806,27,66,40042,3592,575,44,3143,40405,101,593,11
simNo2,s100,m300,h1,minVAF0.005,ISAV0,n300,fp0.001,fn0.2,na0.05,d0,l1000000,huntress_v0.1.2.0_default,251,42065,14,156,38653,3468,330,35,3048,38915,180,333,10
simNo3,s100,m1000,h1,minVAF0.005,ISAV0,n300,fp0.001,fn0.05,na0.05,d0,l1000000,huntress_v0.1.2.0_default,3932,472668,343,810,447039,28177,2159,378,23159,451046,1113,2427,8
simNo3,s100,m1000,h1,minVAF0.005,ISAV0,n300,fp0.001,fn0.2,na0.05,d0,l1000000,huntress_v0.1.2.0_default,2644,459207,370,1945,431439,26915,4786,1026,22049,434319,2735,4920,143
simNo3,s100,m300,h1,minVAF0.005,ISAV0,n1000,fp0.001,fn0.05,na0.05,d0,l1000000,huntress_v0.1.2.0_default,314,44400,1,135,41867,2981,2,0,2531,42181,135,3,0
simNo3,s100,m300,h1,minVAF0.005,ISAV0,n1000,fp0.001,fn0.2,na0.05,d0,l1000000,huntress_v0.1.2.0_default,176,44401,0,273,41867,2976,7,0,2527,42045,271,5,2
simNo3,s100,m300,h1,minVAF0.005,ISAV0,n300,fp0.001,fn0.05,na0.05,d0,l1000000,huntress_v0.1.2.0_default,343,41477,12,73,37568,2820,1181,336,2404,37928,392,1176,5
simNo3,s100,m300,h1,minVAF0.005,ISAV0,n300,fp0.001,fn0.2,na0.05,d0,l1000000,huntress_v0.1.2.0_default,241,38924,39,136,36251,2694,332,63,2272,36506,185,357,20
simNo4,s100,m1000,h1,minVAF0.005,ISAV0,n300,fp0.001,fn0.05,na0.05,d0,l1000000,huntress_v0.1.2.0_default,4294,474419,345,652,423846,49975,5714,175,44729,428187,780,6012,2
simNo4,s100,m1000,h1,minVAF0.005,ISAV0,n300,fp0.001,fn0.2,na0.05,d0,l1000000,huntress_v0.1.2.0_default,2812,459909,400,2009,407244,48328,9066,492,43365,410375,2182,9147,61
simNo4,s100,m300,h1,minVAF0.005,ISAV0,n1000,fp0.001,fn0.05,na0.05,d0,l1000000,huntress_v0.1.2.0_default,260,44453,0,137,42273,2548,13,16,2149,42534,152,12,3
simNo4,s100,m300,h1,minVAF0.005,ISAV0,n1000,fp0.001,fn0.2,na0.05,d0,l1000000,huntress_v0.1.2.0_default,132,44449,4,265,42261,2549,12,28,2149,42396,290,13,2
simNo4,s100,m300,h1,minVAF0.005,ISAV0,n300,fp0.001,fn0.05,na0.05,d0,l1000000,huntress_v0.1.2.0_default,322,42345,37,74,40260,2461,30,27,2017,40584,99,65,13
simNo4,s100,m300,h1,minVAF0.005,ISAV0,n300,fp0.001,fn0.2,na0.05,d0,l1000000,huntress_v0.1.2.0_default,211,40914,28,175,38828,2360,66,74,1943,39060,228,73,24
simNo5,s100,m1000,h1,minVAF0.005,ISAV0,n300,fp0.001,fn0.05,na0.05,d0,l1000000,huntress_v0.1.2.0_default,4451,458713,369,633,403992,53002,6712,460,47674,408568,968,6956,0
simNo5,s100,m1000,h1,minVAF0.005,ISAV0,n300,fp0.001,fn0.2,na0.05,d0,l1000000,huntress_v0.1.2.0_default,2934,449218,365,2064,391425,52091,10594,471,46901,394628,2266,10690,96
simNo5,s100,m300,h1,minVAF0.005,ISAV0,n1000,fp0.001,fn0.05,na0.05,d0,l1000000,huntress_v0.1.2.0_default,245,44469,0,136,41403,3447,0,0,3066,41648,136,0,0
simNo5,s100,m300,h1,minVAF0.005,ISAV0,n1000,fp0.001,fn0.2,na0.05,d0,l1000000,huntress_v0.1.2.0_default,136,44469,0,245,41403,3447,0,0,3066,41539,245,0,0
simNo5,s100,m300,h1,minVAF0.005,ISAV0,n300,fp0.001,fn0.05,na0.05,d0,l1000000,huntress_v0.1.2.0_default,280,44149,21,101,41102,3417,24,8,3012,41383,108,44,4
simNo5,s100,m300,h1,minVAF0.005,ISAV0,n300,fp0.001,fn0.2,na0.05,d0,l1000000,huntress_v0.1.2.0_default,197,42386,23,172,39072,3251,383,72,2868,39292,221,383,14
simNo6,s100,m1000,h1,minVAF0.005,ISAV0,n300,fp0.001,fn0.05,na0.05,d0,l1000000,huntress_v0.1.2.0_default,4278,456929,287,747,416152,29974,8466,7649,24686,420538,8288,8645,84
simNo6,s100,m1000,h1,minVAF0.005,ISAV0,n300,fp0.001,fn0.2,na0.05,d0,l1000000,huntress_v0.1.2.0_default,2985,441784,334,1882,409680,28673,8153,479,23677,412926,2100,8226,56
simNo6,s100,m300,h1,minVAF0.005,ISAV0,n1000,fp0.001,fn0.05,na0.05,d0,l1000000,huntress_v0.1.2.0_default,257,44440,0,153,41993,2857,0,0,2447,42250,153,0,0
simNo6,s100,m300,h1,minVAF0.005,ISAV0,n1000,fp0.001,fn0.2,na0.05,d0,l1000000,huntress_v0.1.2.0_default,130,44438,2,280,41993,2855,2,0,2443,42125,278,2,2
simNo6,s100,m300,h1,minVAF0.005,ISAV0,n300,fp0.001,fn0.05,na0.05,d0,l1000000,huntress_v0.1.2.0_default,334,42044,4,104,38800,2683,921,82,2254,39149,171,910,2
simNo6,s100,m300,h1,minVAF0.005,ISAV0,n300,fp0.001,fn0.2,na0.05,d0,l1000000,huntress_v0.1.2.0_default,213,40881,22,212,37708,2600,957,63,2176,37957,239,943,13
simNo7,s100,m1000,h1,minVAF0.005,ISAV0,n300,fp0.001,fn0.05,na0.05,d0,l1000000,huntress_v0.1.2.0_default,4279,457167,16,779,426357,30744,4950,190,25737,430703,902,4899,0
simNo7,s100,m1000,h1,minVAF0.005,ISAV0,n300,fp0.001,fn0.2,na0.05,d0,l1000000,huntress_v0.1.2.0_default,3158,448558,127,1785,412273,29820,10866,669,24977,415670,2215,10754,12
simNo7,s100,m300,h1,minVAF0.005,ISAV0,n1000,fp0.001,fn0.05,na0.05,d0,l1000000,huntress_v0.1.2.0_default,235,44448,0,167,41650,3200,0,0,2798,41885,167,0,0
simNo7,s100,m300,h1,minVAF0.005,ISAV0,n1000,fp0.001,fn0.2,na0.05,d0,l1000000,huntress_v0.1.2.0_default,156,44441,7,246,41650,3200,0,0,2782,41806,246,7,9
simNo7,s100,m300,h1,minVAF0.005,ISAV0,n300,fp0.001,fn0.05,na0.05,d0,l1000000,huntress_v0.1.2.0_default,297,40649,12,83,37153,2975,859,54,2596,37467,120,854,4
simNo7,s100,m300,h1,minVAF0.005,ISAV0,n300,fp0.001,fn0.2,na0.05,d0,l1000000,huntress_v0.1.2.0_default,167,39243,21,190,35851,2877,855,38,2510,36040,206,854,11
simNo8,s100,m1000,h1,minVAF0.005,ISAV0,n300,fp0.001,fn0.05,na0.05,d0,l1000000,huntress_v0.1.2.0_default,4139,478510,96,891,434509,35278,8730,5119,30240,438781,5877,8693,45
simNo8,s100,m1000,h1,minVAF0.005,ISAV0,n300,fp0.001,fn0.2,na0.05,d0,l1000000,huntress_v0.1.2.0_default,2954,458980,329,1903,421596,34012,8026,532,28934,424755,2230,8150,97
simNo8,s100,m300,h1,minVAF0.005,ISAV0,n1000,fp0.001,fn0.05,na0.05,d0,l1000000,huntress_v0.1.2.0_default,282,44455,0,113,42083,2767,0,0,2372,42365,113,0,0
simNo8,s100,m300,h1,minVAF0.005,ISAV0,n1000,fp0.001,fn0.2,na0.05,d0,l1000000,huntress_v0.1.2.0_default,154,44441,14,241,42083,2767,0,0,2352,42237,241,14,6
simNo8,s100,m300,h1,minVAF0.005,ISAV0,n300,fp0.001,fn0.05,na0.05,d0,l1000000,huntress_v0.1.2.0_default,297,42072,18,99,39228,2677,561,20,2260,39529,115,575,7
simNo8,s100,m300,h1,minVAF0.005,ISAV0,n300,fp0.001,fn0.2,na0.05,d0,l1000000,huntress_v0.1.2.0_default,207,41185,41,183,38664,2598,306,48,2170,38879,223,339,5
simNo9,s100,m1000,h1,minVAF0.005,ISAV0,n300,fp0.001,fn0.05,na0.05,d0,l1000000,huntress_v0.1.2.0_default,4204,471663,233,676,414738,47249,7643,7146,42183,419059,7705,7759,70
simNo9,s100,m1000,h1,minVAF0.005,ISAV0,n300,fp0.001,fn0.2,na0.05,d0,l1000000,huntress_v0.1.2.0_default,2827,457047,437,1930,408646,45891,7248,456,40701,411652,2207,7506,175
simNo9,s100,m300,h1,minVAF0.005,ISAV0,n1000,fp0.001,fn0.05,na0.05,d0,l1000000,huntress_v0.1.2.0_default,258,44451,4,137,41440,3410,0,0,3011,41698,137,4,0
simNo9,s100,m300,h1,minVAF0.005,ISAV0,n1000,fp0.001,fn0.2,na0.05,d0,l1000000,huntress_v0.1.2.0_default,164,44453,2,231,41440,3408,2,0,3003,41605,230,3,9
simNo9,s100,m300,h1,minVAF0.005,ISAV0,n300,fp0.001,fn0.05,na0.05,d0,l1000000,huntress_v0.1.2.0_default,302,42916,33,114,39340,3195,408,422,2771,39670,508,413,3
simNo9,s100,m300,h1,minVAF0.005,ISAV0,n300,fp0.001,fn0.2,na0.05,d0,l1000000,huntress_v0.1.2.0_default,192,41462,41,210,38051,3118,383,353,2674,38265,541,402,23
simNo10,s100,m1000,h1,minVAF0.005,ISAV0,n300,fp0.001,fn0.05,na0.05,d0,l1000000,scistree_v1.2.0.6_wmuts,4104,471621,36,1015,433660,35860,7005,251,30791,437870,1160,6935,20
simNo10,s100,m1000,h1,minVAF0.005,ISAV0,n300,fp0.001,fn0.2,na0.05,d0,l1000000,scistree_v1.2.0.6_wmuts,2596,460010,124,2400,422881,34495,6729,1025,29632,425811,3091,6519,77
simNo10,s100,m300,h1,minVAF0.005,ISAV0,n1000,fp0.001,fn0.05,na0.05,d0,l1000000,scistree_v1.2.0.6_wmuts,275,44433,6,136,42328,2489,2,31,2071,42604,166,7,2
simNo10,s100,m300,h1,minVAF0.005,ISAV0,n1000,fp0.001,fn0.2,na0.05,d0,l1000000,scistree_v1.2.0.6_wmuts,116,44439,0,295,42355,2462,29,4,2059,42479,291,21,0
simNo10,s100,m300,h1,minVAF0.005,ISAV0,n300,fp0.001,fn0.05,na0.05,d0,l1000000,scistree_v1.2.0.6_wmuts,285,41506,6,108,38687,2235,940,43,1864,39002,121,916,2
simNo10,s100,m300,h1,minVAF0.005,ISAV0,n300,fp0.001,fn0.2,na0.05,d0,l1000000,scistree_v1.2.0.6_wmuts,150,39242,8,221,36459,2101,959,102,1753,36648,284,928,8
simNo1,s100,m1000,h1,minVAF0.005,ISAV0,n300,fp0.001,fn0.05,na0.05,d0,l1000000,scistree_v1.2.0.6_wmuts,3888,464003,31,1074,423491,36177,8785,543,31349,427546,1450,8649,2
simNo1,s100,m1000,h1,minVAF0.005,ISAV0,n300,fp0.001,fn0.2,na0.05,d0,l1000000,scistree_v1.2.0.6_wmuts,2751,452517,68,2110,416119,35557,5186,584,30782,419031,2533,5093,7
simNo1,s100,m300,h1,minVAF0.005,ISAV0,n1000,fp0.001,fn0.05,na0.05,d0,l1000000,scistree_v1.2.0.6_wmuts,285,44425,0,140,41396,3426,15,13,3004,41685,149,11,1
simNo1,s100,m300,h1,minVAF0.005,ISAV0,n1000,fp0.001,fn0.2,na0.05,d0,l1000000,scistree_v1.2.0.6_wmuts,127,44422,3,298,41393,3403,38,16,2966,41522,312,39,11
simNo1,s100,m300,h1,minVAF0.005,ISAV0,n300,fp0.001,fn0.05,na0.05,d0,l1000000,scistree_v1.2.0.6_wmuts,316,39788,2,80,36579,3286,307,14,2896,36904,85,300,1
simNo1,s100,m300,h1,minVAF0.005,ISAV0,n300,fp0.001,fn0.2,na0.05,d0,l1000000,scistree_v1.2.0.6_wmuts,178,38942,15,205,34948,3112,1208,72,2714,35149,254,1200,23
simNo2,s100,m1000,h1,minVAF0.005,ISAV0,n300,fp0.001,fn0.05,na0.05,d0,l1000000,scistree_v1.2.0.6_wmuts,3674,463120,76,1158,438157,26195,2952,724,21556,442111,1602,2748,11
simNo2,s100,m1000,h1,minVAF0.005,ISAV0,n300,fp0.001,fn0.2,na0.05,d0,l1000000,scistree_v1.2.0.6_wmuts,2230,441247,207,2356,413496,24894,6838,812,20443,416092,2802,6679,24
simNo2,s100,m300,h1,minVAF0.005,ISAV0,n1000,fp0.001,fn0.05,na0.05,d0,l1000000,scistree_v1.2.0.6_wmuts,239,44436,14,161,41246,3594,3,7,3179,41485,168,17,1
simNo2,s100,m300,h1,minVAF0.005,ISAV0,n1000,fp0.001,fn0.2,na0.05,d0,l1000000,scistree_v1.2.0.6_wmuts,116,44447,3,284,41251,3588,9,2,3181,41368,285,11,5
simNo2,s100,m300,h1,minVAF0.005,ISAV0,n300,fp0.001,fn0.05,na0.05,d0,l1000000,scistree_v1.2.0.6_wmuts,317,43825,8,103,40044,3562,605,42,3146,40373,133,601,0
simNo2,s100,m300,h1,minVAF0.005,ISAV0,n300,fp0.001,fn0.2,na0.05,d0,l1000000,scistree_v1.2.0.6_wmuts,185,42067,12,222,38639,3406,392,49,2997,38849,246,379,15
simNo3,s100,m1000,h1,minVAF0.005,ISAV0,n300,fp0.001,fn0.05,na0.05,d0,l1000000,scistree_v1.2.0.6_wmuts,3757,472948,63,985,447039,28020,2316,378,23338,450929,1230,2246,10
simNo3,s100,m1000,h1,minVAF0.005,ISAV0,n300,fp0.001,fn0.2,na0.05,d0,l1000000,scistree_v1.2.0.6_wmuts,2421,459414,163,2168,431927,26929,4772,538,22400,434627,2427,4656,56
simNo3,s100,m300,h1,minVAF0.005,ISAV0,n1000,fp0.001,fn0.05,na0.05,d0,l1000000,scistree_v1.2.0.6_wmuts,277,44394,7,172,41864,2981,2,3,2518,42141,175,9,7
simNo3,s100,m300,h1,minVAF0.005,ISAV0,n1000,fp0.001,fn0.2,na0.05,d0,l1000000,scistree_v1.2.0.6_wmuts,150,44399,2,299,41867,2945,38,0,2495,42019,297,38,1
simNo3,s100,m300,h1,minVAF0.005,ISAV0,n300,fp0.001,fn0.05,na0.05,d0,l1000000,scistree_v1.2.0.6_wmuts,305,41464,25,111,37846,2721,1280,58,2319,38196,124,1260,6
simNo3,s100,m300,h1,minVAF0.005,ISAV0,n300,fp0.001,fn0.2,na0.05,d0,l1000000,scistree_v1.2.0.6_wmuts,169,38948,15,208,36228,2588,438,86,2206,36429,262,421,22
simNo4,s100,m1000,h1,minVAF0.005,ISAV0,n300,fp0.001,fn0.05,na0.05,d0,l1000000,scistree_v1.2.0.6_wmuts,3955,474702,62,991,423567,49313,6376,454,44456,427684,1283,6276,11
simNo4,s100,m1000,h1,minVAF0.005,ISAV0,n300,fp0.001,fn0.2,na0.05,d0,l1000000,scistree_v1.2.0.6_wmuts,2380,460200,109,2441,406854,47351,10043,882,42748,409603,2954,9783,42
simNo4,s100,m300,h1,minVAF0.005,ISAV0,n1000,fp0.001,fn0.05,na0.05,d0,l1000000,scistree_v1.2.0.6_wmuts,250,44452,1,147,42265,2530,31,24,2129,42518,168,29,6
simNo4,s100,m300,h1,minVAF0.005,ISAV0,n1000,fp0.001,fn0.2,na0.05,d0,l1000000,scistree_v1.2.0.6_wmuts,124,44442,11,273,42239,2477,84,50,2035,42368,318,90,39
simNo4,s100,m300,h1,minVAF0.005,ISAV0,n300,fp0.001,fn0.05,na0.05,d0,l1000000,scistree_v1.2.0.6_wmuts,313,42364,18,83,40261,2457,34,26,2034,40578,105,48,13
simNo4,s100,m300,h1,minVAF0.005,ISAV0,n300,fp0.001,fn0.2,na0.05,d0,l1000000,scistree_v1.2.0.6_wmuts,174,40918,24,212,38808,2270,156,94,1851,39002,286,160,29
simNo5,s100,m1000,h1,minVAF0.005,ISAV0,n300,fp0.001,fn0.05,na0.05,d0,l1000000,scistree_v1.2.0.6_wmuts,4119,458999,83,965,403957,52734,6980,495,47714,408226,1310,6913,3
simNo5,s100,m1000,h1,minVAF0.005,ISAV0,n300,fp0.001,fn0.2,na0.05,d0,l1000000,scistree_v1.2.0.6_wmuts,2627,449476,107,2371,391503,51725,10960,393,46875,394419,2475,10778,34
simNo5,s100,m300,h1,minVAF0.005,ISAV0,n1000,fp0.001,fn0.05,na0.05,d0,l1000000,scistree_v1.2.0.6_wmuts,222,44465,4,159,41401,3447,0,2,3062,41623,161,4,0
simNo5,s100,m300,h1,minVAF0.005,ISAV0,n1000,fp0.001,fn0.2,na0.05,d0,l1000000,scistree_v1.2.0.6_wmuts,120,44465,4,261,41335,3409,38,68,3012,41460,324,37,17
simNo5,s100,m300,h1,minVAF0.005,ISAV0,n300,fp0.001,fn0.05,na0.05,d0,l1000000,scistree_v1.2.0.6_wmuts,280,44159,11,101,41101,3408,33,9,3015,41384,107,41,4
simNo5,s100,m300,h1,minVAF0.005,ISAV0,n300,fp0.001,fn0.2,na0.05,d0,l1000000,scistree_v1.2.0.6_wmuts,174,42397,12,195,39034,3225,409,110,2864,39239,274,390,11
simNo6,s100,m1000,h1,minVAF0.005,ISAV0,n300,fp0.001,fn0.05,na0.05,d0,l1000000,scistree_v1.2.0.6_wmuts,3889,457123,93,1136,423454,29638,8802,347,24670,427504,1322,8734,11
simNo6,s100,m1000,h1,minVAF0.005,ISAV0,n300,fp0.001,fn0.2,na0.05,d0,l1000000,scistree_v1.2.0.6_wmuts,2411,442032,86,2456,409410,28366,8460,749,23723,412157,2869,8210,26
simNo6,s100,m300,h1,minVAF0.005,ISAV0,n1000,fp0.001,fn0.05,na0.05,d0,l1000000,scistree_v1.2.0.6_wmuts,275,44436,4,135,41991,2845,12,2,2431,42266,137,16,0
simNo6,s100,m300,h1,minVAF0.005,ISAV0,n1000,fp0.001,fn0.2,na0.05,d0,l1000000,scistree_v1.2.0.6_wmuts,135,44433,7,275,41975,2841,16,18,2418,42113,290,20,9
simNo6,s100,m300,h1,minVAF0.005,ISAV0,n300,fp0.001,fn0.05,na0.05,d0,l1000000,scistree_v1.2.0.6_wmuts,317,42043,5,121,38843,2740,864,39,2308,39171,149,858,0
simNo6,s100,m300,h1,minVAF0.005,ISAV0,n300,fp0.001,fn0.2,na0.05,d0,l1000000,scistree_v1.2.0.6_wmuts,159,40892,11,266,37690,2611,946,81,2197,37882,314,924,11
simNo7,s100,m1000,h1,minVAF0.005,ISAV0,n300,fp0.001,fn0.05,na0.05,d0,l1000000,scistree_v1.2.0.6_wmuts,3959,457157,26,1099,425967,30223,5471,580,25347,430134,1471,5289,0
simNo7,s100,m1000,h1,minVAF0.005,ISAV0,n300,fp0.001,fn0.2,na0.05,d0,l1000000,scistree_v1.2.0.6_wmuts,2495,448599,86,2448,412227,29262,11424,715,24561,415098,2787,11134,48
simNo7,s100,m300,h1,minVAF0.005,ISAV0,n1000,fp0.001,fn0.05,na0.05,d0,l1000000,scistree_v1.2.0.6_wmuts,237,44443,5,165,41621,3192,8,29,2782,41858,194,13,3
simNo7,s100,m300,h1,minVAF0.005,ISAV0,n1000,fp0.001,fn0.2,na0.05,d0,l1000000,scistree_v1.2.0.6_wmuts,128,44439,9,274,41650,3200,0,0,2779,41778,274,9,10
simNo7,s100,m300,h1,minVAF0.005,ISAV0,n300,fp0.001,fn0.05,na0.05,d0,l1000000,scistree_v1.2.0.6_wmuts,284,40651,10,96,37193,2981,853,14,2598,37488,99,852,4
simNo7,s100,m300,h1,minVAF0.005,ISAV0,n300,fp0.001,fn0.2,na0.05,d0,l1000000,scistree_v1.2.0.6_wmuts,155,39247,17,202,35830,2830,902,59,2462,36011,235,893,20
simNo8,s100,m1000,h1,minVAF0.005,ISAV0,n300,fp0.001,fn0.05,na0.05,d0,l1000000,scistree_v1.2.0.6_wmuts,4056,478559,47,974,439204,34887,9121,424,29980,443430,1228,8998,0
simNo8,s100,m1000,h1,minVAF0.005,ISAV0,n300,fp0.001,fn0.2,na0.05,d0,l1000000,scistree_v1.2.0.6_wmuts,2644,459246,63,2213,421514,33468,8570,614,28782,424449,2536,8342,57
simNo8,s100,m300,h1,minVAF0.005,ISAV0,n1000,fp0.001,fn0.05,na0.05,d0,l1000000,scistree_v1.2.0.6_wmuts,249,44451,4,146,42039,2755,12,44,2357,42289,189,15,0
simNo8,s100,m300,h1,minVAF0.005,ISAV0,n1000,fp0.001,fn0.2,na0.05,d0,l1000000,scistree_v1.2.0.6_wmuts,134,44448,7,261,42041,2735,32,42,2331,42182,296,32,9
simNo8,s100,m300,h1,minVAF0.005,ISAV0,n300,fp0.001,fn0.05,na0.05,d0,l1000000,scistree_v1.2.0.6_wmuts,265,42074,16,131,39222,2640,598,26,2237,39500,144,601,4
simNo8,s100,m300,h1,minVAF0.005,ISAV0,n300,fp0.001,fn0.2,na0.05,d0,l1000000,scistree_v1.2.0.6_wmuts,193,41207,19,197,38625,2519,385,87,2114,38842,260,380,20
simNo9,s100,m1000,h1,minVAF0.005,ISAV0,n300,fp0.001,fn0.05,na0.05,d0,l1000000,scistree_v1.2.0.6_wmuts,4073,471848,48,807,421603,47063,7829,281,42247,425798,966,7755,10
simNo9,s100,m1000,h1,minVAF0.005,ISAV0,n300,fp0.001,fn0.2,na0.05,d0,l1000000,scistree_v1.2.0.6_wmuts,2625,457368,116,2132,408344,45570,7569,758,40889,411229,2630,7425,68
simNo9,s100,m300,h1,minVAF0.005,ISAV0,n1000,fp0.001,fn0.05,na0.05,d0,l1000000,scistree_v1.2.0.6_wmuts,255,44449,6,140,41413,3378,32,27,2981,41672,163,34,0
simNo9,s100,m300,h1,minVAF0.005,ISAV0,n1000,fp0.001,fn0.2,na0.05,d0,l1000000,scistree_v1.2.0.6_wmuts,138,44453,2,257,41414,3369,41,26,2971,41558,277,37,7
simNo9,s100,m300,h1,minVAF0.005,ISAV0,n300,fp0.001,fn0.05,na0.05,d0,l1000000,scistree_v1.2.0.6_wmuts,285,42941,8,131,39645,3196,407,117,2791,39953,225,392,4
simNo9,s100,m300,h1,minVAF0.005,ISAV0,n300,fp0.001,fn0.2,na0.05,d0,l1000000,scistree_v1.2.0.6_wmuts,166,41483,20,236,38313,3101,400,91,2678,38503,303,396,25
simNo10,s100,m1000,h1,minVAF0.005,ISAV0,n300,fp0.001,fn0.05,na0.05,d0,l1000000,treeqmcbip_v1.0.0_n2_wrootx_wmuts,4044,471622,35,1075,433592,35833,7032,319,30755,437743,1287,6960,31
simNo10,s100,m1000,h1,minVAF0.005,ISAV0,n300,fp0.001,fn0.2,na0.05,d0,l1000000,treeqmcbip_v1.0.0_n2_wrootx_wmuts,2950,459996,138,2046,422814,34515,6709,1092,29650,426089,2813,6522,56
simNo10,s100,m300,h1,minVAF0.005,ISAV0,n1000,fp0.001,fn0.05,na0.05,d0,l1000000,treeqmcbip_v1.0.0_n2_wrootx_wmuts,236,44439,0,175,42359,2491,0,0,2080,42595,175,0,0
simNo10,s100,m300,h1,minVAF0.005,ISAV0,n1000,fp0.001,fn0.2,na0.05,d0,l1000000,treeqmcbip_v1.0.0_n2_wrootx_wmuts,150,44434,5,261,42352,2477,14,7,2065,42508,262,13,2
simNo10,s100,m300,h1,minVAF0.005,ISAV0,n300,fp0.001,fn0.05,na0.05,d0,l1000000,treeqmcbip_v1.0.0_n2_wrootx_wmuts,271,41508,4,122,38656,2215,960,74,1842,38959,164,932,8
simNo10,s100,m300,h1,minVAF0.005,ISAV0,n300,fp0.001,fn0.2,na0.05,d0,l1000000,treeqmcbip_v1.0.0_n2_wrootx_wmuts,150,39242,8,221,36404,2067,993,157,1727,36602,330,953,9
simNo1,s100,m1000,h1,minVAF0.005,ISAV0,n300,fp0.001,fn0.05,na0.05,d0,l1000000,treeqmcbip_v1.0.0_n2_wrootx_wmuts,3903,464010,24,1059,423494,36034,8928,540,31210,427577,1419,8772,18
simNo1,s100,m1000,h1,minVAF0.005,ISAV0,n300,fp0.001,fn0.2,na0.05,d0,l1000000,treeqmcbip_v1.0.0_n2_wrootx_wmuts,3088,452497,88,1773,416097,35598,5145,606,30821,419365,2199,5053,8
simNo1,s100,m300,h1,minVAF0.005,ISAV0,n1000,fp0.001,fn0.05,na0.05,d0,l1000000,treeqmcbip_v1.0.0_n2_wrootx_wmuts,223,44425,0,202,41396,3434,7,13,3011,41621,213,5,0
simNo1,s100,m300,h1,minVAF0.005,ISAV0,n1000,fp0.001,fn0.2,na0.05,d0,l1000000,treeqmcbip_v1.0.0_n2_wrootx_wmuts,182,44419,6,243,41382,3408,33,27,2980,41568,266,35,1
simNo1,s100,m300,h1,minVAF0.005,ISAV0,n300,fp0.001,fn0.05,na0.05,d0,l1000000,treeqmcbip_v1.0.0_n2_wrootx_wmuts,294,39790,0,102,36558,3297,296,35,2911,36862,127,286,0
simNo1,s100,m300,h1,minVAF0.005,ISAV0,n300,fp0.001,fn0.2,na0.05,d0,l1000000,treeqmcbip_v1.0.0_n2_wrootx_wmuts,189,38931,26,194,34893,3130,1190,127,2734,35112,291,1186,17
simNo2,s100,m1000,h1,minVAF0.005,ISAV0,n300,fp0.001,fn0.05,na0.05,d0,l1000000,treeqmcbip_v1.0.0_n2_wrootx_wmuts,3696,463129,67,1136,438352,26545,2602,529,21803,442227,1486,2490,22
simNo2,s100,m1000,h1,minVAF0.005,ISAV0,n300,fp0.001,fn0.2,na0.05,d0,l1000000,treeqmcbip_v1.0.0_n2_wrootx_wmuts,2397,441232,222,2189,413507,25194,6538,801,20619,416179,2715,6485,42
simNo2,s100,m300,h1,minVAF0.005,ISAV0,n1000,fp0.001,fn0.05,na0.05,d0,l1000000,treeqmcbip_v1.0.0_n2_wrootx_wmuts,217,44450,0,183,41253,3597,0,0,3197,41470,183,0,0
simNo2,s100,m300,h1,minVAF0.005,ISAV0,n1000,fp0.001,fn0.2,na0.05,d0,l1000000,treeqmcbip_v1.0.0_n2_wrootx_wmuts,148,44449,1,252,41253,3592,5,0,3186,41404,249,3,8
simNo2,s100,m300,h1,minVAF0.005,ISAV0,n300,fp0.001,fn0.05,na0.05,d0,l1000000,treeqmcbip_v1.0.0_n2_wrootx_wmuts,338,43828,5,82,40037,3598,569,49,3177,40379,127,570,0
simNo2,s100,m300,h1,minVAF0.005,ISAV0,n300,fp0.001,fn0.2,na0.05,d0,l1000000,treeqmcbip_v1.0.0_n2_wrootx_wmuts,194,42052,27,213,38578,3419,379,110,3004,38800,295,378,9
simNo3,s100,m1000,h1,minVAF0.005,ISAV0,n300,fp0.001,fn0.05,na0.05,d0,l1000000,treeqmcbip_v1.0.0_n2_wrootx_wmuts,3696,472947,64,1046,447012,28087,2249,405,23385,450825,1334,2196,13
simNo3,s100,m1000,h1,minVAF0.005,ISAV0,n300,fp0.001,fn0.2,na0.05,d0,l1000000,treeqmcbip_v1.0.0_n2_wrootx_wmuts,2724,459416,161,1865,431748,26910,4791,717,22393,434749,2305,4675,44
simNo3,s100,m300,h1,minVAF0.005,ISAV0,n1000,fp0.001,fn0.05,na0.05,d0,l1000000,treeqmcbip_v1.0.0_n2_wrootx_wmuts,254,44399,2,195,41867,2983,0,0,2530,42121,195,2,2
simNo3,s100,m300,h1,minVAF0.005,ISAV0,n1000,fp0.001,fn0.2,na0.05,d0,l1000000,treeqmcbip_v1.0.0_n2_wrootx_wmuts,168,44399,2,281,41865,2979,4,2,2527,42035,281,4,3
simNo3,s100,m300,h1,minVAF0.005,ISAV0,n300,fp0.001,fn0.05,na0.05,d0,l1000000,treeqmcbip_v1.0.0_n2_wrootx_wmuts,286,41473,16,130,37823,2708,1293,81,2320,38157,163,1261,4
simNo3,s100,m300,h1,minVAF0.005,ISAV0,n300,fp0.001,fn0.2,na0.05,d0,l1000000,treeqmcbip_v1.0.0_n2_wrootx_wmuts,175,38944,19,202,36160,2566,460,154,2182,36370,321,444,23
simNo4,s100,m1000,h1,minVAF0.005,ISAV0,n300,fp0.001,fn0.05,na0.05,d0,l1000000,treeqmcbip_v1.0.0_n2_wrootx_wmuts,3855,474694,70,1091,423446,49629,6060,575,44751,427450,1517,5981,11
simNo4,s100,m1000,h1,minVAF0.005,ISAV0,n300,fp0.001,fn0.2,na0.05,d0,l1000000,treeqmcbip_v1.0.0_n2_wrootx_wmuts,2643,460162,147,2178,406946,48294,9100,790,43601,409902,2655,8934,38
simNo4,s100,m300,h1,minVAF0.005,ISAV0,n1000,fp0.001,fn0.05,na0.05,d0,l1000000,treeqmcbip_v1.0.0_n2_wrootx_wmuts,206,44453,0,191,42289,2561,0,0,2161,42495,191,0,3
simNo4,s100,m300,h1,minVAF0.005,ISAV0,n1000,fp0.001,fn0.2,na0.05,d0,l1000000,treeqmcbip_v1.0.0_n2_wrootx_wmuts,120,44445,8,277,42235,2527,34,54,2117,42361,325,36,11
simNo4,s100,m300,h1,minVAF0.005,ISAV0,n300,fp0.001,fn0.05,na0.05,d0,l1000000,treeqmcbip_v1.0.0_n2_wrootx_wmuts,313,42370,12,83,40263,2458,33,24,2047,40584,99,37,11
simNo4,s100,m300,h1,minVAF0.005,ISAV0,n300,fp0.001,fn0.2,na0.05,d0,l1000000,treeqmcbip_v1.0.0_n2_wrootx_wmuts,209,40915,27,177,38818,2317,109,84,1915,39054,234,109,16
simNo5,s100,m1000,h1,minVAF0.005,ISAV0,n300,fp0.001,fn0.05,na0.05,d0,l1000000,treeqmcbip_v1.0.0_n2_wrootx_wmuts,3994,459003,79,1090,403760,52773,6941,692,47781,407938,1598,6836,13
simNo5,s100,m1000,h1,minVAF0.005,ISAV0,n300,fp0.001,fn0.2,na0.05,d0,l1000000,treeqmcbip_v1.0.0_n2_wrootx_wmuts,2730,449450,133,2268,391057,51948,10737,839,47073,394090,2804,10567,47
simNo5,s100,m300,h1,minVAF0.005,ISAV0,n1000,fp0.001,fn0.05,na0.05,d0,l1000000,treeqmcbip_v1.0.0_n2_wrootx_wmuts,194,44469,0,187,41403,3447,0,0,3066,41597,187,0,0
simNo5,s100,m300,h1,minVAF0.005,ISAV0,n1000,fp0.001,fn0.2,na0.05,d0,l1000000,treeqmcbip_v1.0.0_n2_wrootx_wmuts,111,44452,17,270,41377,3430,17,26,3026,41493,291,29,11
simNo5,s100,m300,h1,minVAF0.005,ISAV0,n300,fp0.001,fn0.05,na0.05,d0,l1000000,treeqmcbip_v1.0.0_n2_wrootx_wmuts,275,44165,5,106,41091,3431,10,19,3047,41368,123,13,0
simNo5,s100,m300,h1,minVAF0.005,ISAV0,n300,fp0.001,fn0.2,na0.05,d0,l1000000,treeqmcbip_v1.0.0_n2_wrootx_wmuts,182,42396,13,187,39055,3257,377,89,2888,39266,247,361,16
simNo6,s100,m1000,h1,minVAF0.005,ISAV0,n300,fp0.001,fn0.05,na0.05,d0,l1000000,treeqmcbip_v1.0.0_n2_wrootx_wmuts,3736,457155,61,1289,422969,29313,9127,832,24495,426984,1842,8909,11
simNo6,s100,m1000,h1,minVAF0.005,ISAV0,n300,fp0.001,fn0.2,na0.05,d0,l1000000,treeqmcbip_v1.0.0_n2_wrootx_wmuts,2447,441931,187,2420,409113,28316,8510,1046,23578,411922,3104,8335,46
simNo6,s100,m300,h1,minVAF0.005,ISAV0,n1000,fp0.001,fn0.05,na0.05,d0,l1000000,treeqmcbip_v1.0.0_n2_wrootx_wmuts,224,44440,0,186,41993,2857,0,0,2447,42217,186,0,0
simNo6,s100,m300,h1,minVAF0.005,ISAV0,n1000,fp0.001,fn0.2,na0.05,d0,l1000000,treeqmcbip_v1.0.0_n2_wrootx_wmuts,140,44437,3,270,41983,2843,14,10,2431,42127,276,13,3
simNo6,s100,m300,h1,minVAF0.005,ISAV0,n300,fp0.001,fn0.05,na0.05,d0,l1000000,treeqmcbip_v1.0.0_n2_wrootx_wmuts,313,42043,5,125,38789,2713,891,93,2284,39122,198,876,6
simNo6,s100,m300,h1,minVAF0.005,ISAV0,n300,fp0.001,fn0.2,na0.05,d0,l1000000,treeqmcbip_v1.0.0_n2_wrootx_wmuts,170,40890,13,255,37708,2636,921,63,2220,37911,285,901,11
simNo7,s100,m1000,h1,minVAF0.005,ISAV0,n300,fp0.001,fn0.05,na0.05,d0,l1000000,treeqmcbip_v1.0.0_n2_wrootx_wmuts,3896,457135,48,1162,425830,30221,5473,717,25325,429956,1649,5291,20
simNo7,s100,m1000,h1,minVAF0.005,ISAV0,n300,fp0.001,fn0.2,na0.05,d0,l1000000,treeqmcbip_v1.0.0_n2_wrootx_wmuts,2645,448630,55,2298,412129,29515,11171,813,24841,415118,2767,10882,20
simNo7,s100,m300,h1,minVAF0.005,ISAV0,n1000,fp0.001,fn0.05,na0.05,d0,l1000000,treeqmcbip_v1.0.0_n2_wrootx_wmuts,186,44447,1,216,41650,3200,0,0,2796,41836,216,1,1
simNo7,s100,m300,h1,minVAF0.005,ISAV0,n1000,fp0.001,fn0.2,na0.05,d0,l1000000,treeqmcbip_v1.0.0_n2_wrootx_wmuts,167,44439,9,235,41635,3173,27,15,2759,41804,248,34,5
simNo7,s100,m300,h1,minVAF0.005,ISAV0,n300,fp0.001,fn0.05,na0.05,d0,l1000000,treeqmcbip_v1.0.0_n2_wrootx_wmuts,275,40653,8,105,37104,2927,907,103,2549,37395,192,899,6
simNo7,s100,m300,h1,minVAF0.005,ISAV0,n300,fp0.001,fn0.2,na0.05,d0,l1000000,treeqmcbip_v1.0.0_n2_wrootx_wmuts,174,39248,16,183,35813,2793,939,76,2441,36022,224,920,14
simNo8,s100,m1000,h1,minVAF0.005,ISAV0,n300,fp0.001,fn0.05,na0.05,d0,l1000000,treeqmcbip_v1.0.0_n2_wrootx_wmuts,3909,478553,53,1121,439143,35250,8758,485,30303,443188,1470,8675,0
simNo8,s100,m1000,h1,minVAF0.005,ISAV0,n300,fp0.001,fn0.2,na0.05,d0,l1000000,treeqmcbip_v1.0.0_n2_wrootx_wmuts,2926,459206,103,1931,421485,33853,8185,643,29062,424649,2336,8050,69
simNo8,s100,m300,h1,minVAF0.005,ISAV0,n1000,fp0.001,fn0.05,na0.05,d0,l1000000,treeqmcbip_v1.0.0_n2_wrootx_wmuts,206,44455,0,189,42083,2767,0,0,2372,42289,189,0,0
simNo8,s100,m300,h1,minVAF0.005,ISAV0,n1000,fp0.001,fn0.2,na0.05,d0,l1000000,treeqmcbip_v1.0.0_n2_wrootx_wmuts,157,44452,3,238,42079,2757,10,4,2358,42238,240,11,3
simNo8,s100,m300,h1,minVAF0.005,ISAV0,n300,fp0.001,fn0.05,na0.05,d0,l1000000,treeqmcbip_v1.0.0_n2_wrootx_wmuts,266,42082,8,130,39234,2666,572,14,2268,39508,136,572,2
simNo8,s100,m300,h1,minVAF0.005,ISAV0,n300,fp0.001,fn0.2,na0.05,d0,l1000000,treeqmcbip_v1.0.0_n2_wrootx_wmuts,191,41203,23,199,38686,2575,329,26,2163,38896,206,333,18
simNo9,s100,m1000,h1,minVAF0.005,ISAV0,n300,fp0.001,fn0.05,na0.05,d0,l1000000,treeqmcbip_v1.0.0_n2_wrootx_wmuts,3937,471860,36,943,420934,47221,7671,950,42444,425032,1732,7546,22
simNo9,s100,m1000,h1,minVAF0.005,ISAV0,n300,fp0.001,fn0.2,na0.05,d0,l1000000,treeqmcbip_v1.0.0_n2_wrootx_wmuts,2745,457359,125,2012,407848,45764,7375,1254,41114,410875,2984,7218,50
simNo9,s100,m300,h1,minVAF0.005,ISAV0,n1000,fp0.001,fn0.05,na0.05,d0,l1000000,treeqmcbip_v1.0.0_n2_wrootx_wmuts,229,44455,0,166,41436,3409,1,4,3015,41666,169,0,0
simNo9,s100,m300,h1,minVAF0.005,ISAV0,n1000,fp0.001,fn0.2,na0.05,d0,l1000000,treeqmcbip_v1.0.0_n2_wrootx_wmuts,136,44441,14,259,41437,3402,8,3,2985,41577,258,18,12
simNo9,s100,m300,h1,minVAF0.005,ISAV0,n300,fp0.001,fn0.05,na0.05,d0,l1000000,treeqmcbip_v1.0.0_n2_wrootx_wmuts,297,42942,7,119,39653,3212,391,109,2804,39968,210,380,3
simNo9,s100,m300,h1,minVAF0.005,ISAV0,n300,fp0.001,fn0.2,na0.05,d0,l1000000,treeqmcbip_v1.0.0_n2_wrootx_wmuts,178,41477,26,224,38306,3154,347,98,2712,38497,309,360,27
