NCELL,NMUT,ALPHA_FP,BETA_FN,GAMMA_NA,S,H,MINVAF,ISAV,D,L,REPL,MTHD,NODE,SECS,NLEAF,NINT_ESTI,SE_FP,NINT_TRUE,SE_FN,SL_P,SL_R,SL_FPR,DL_P,DL_R,DL_FPR,AD_P,AD_R,AD_FPR,AD_FLIP,QS,NQS
n300,m300,fp0.001,fn0.2,na0.05,s100,h1,minVAF0.005,ISAV0,d0,l1000000,simNo1,huntress_v0.1.2.0_default,heron04,119.003,300,125,58,84,17,0.9493670886075949,0.587467362924282,0.0003080319326436841,0.9681999335768847,0.9989434608794975,0.002777777777777778,0.9367216425445978,0.7068834137668275,0.005112561082394148,0.0025089605734767025,1086097593,0.8846282318118416
n300,m300,fp0.001,fn0.2,na0.05,s100,h1,minVAF0.005,ISAV0,d0,l1000000,simNo1,scistree_v1.2.0.6_wmuts,heron04,1175.913,300,137,85,84,32,0.9222797927461139,0.46475195822454307,0.00038503991580460505,0.9665892244717336,0.9979440319817248,0.003472222222222222,0.9073888331661651,0.6893573787147574,0.007174533231647035,0.008403361344537815,1102364695,0.8978778124864605
n300,m300,fp0.001,fn0.2,na0.05,s100,h1,minVAF0.005,ISAV0,d0,l1000000,simNo1,fastral_wrootx_wmuts,heron04,263.972,300,121,81,84,44,0.815,0.4255874673629243,0.0009497651256513592,0.9654638034093425,0.9962307252998287,0.008564814814814815,0.8861517976031957,0.6761493522987045,0.008954043442646104,0.009304056568663937,1103508907,0.8988097749960007
n300,m300,fp0.001,fn0.2,na0.05,s100,h1,minVAF0.005,ISAV0,d0,l1000000,simNo1,fastme_v2.1.5_wrootx_wmuts,heron04,2.302,300,127,80,84,37,0.844559585492228,0.4255874673629243,0.0007700798316092101,0.9672458225953945,0.9967161621930326,0.006944444444444444,0.8950980392156863,0.6957073914147829,0.00850210434143999,0.007249003262051468,1100462206,0.8963282321439954
n300,m300,fp0.001,fn0.2,na0.05,s100,h1,minVAF0.005,ISAV0,d0,l1000000,simNo1,treeqmcbip_v1.0.0_n2_wrootx_wmuts,heron04,192.149,300,128,73,84,29,0.8790697674418605,0.4934725848563969,0.0006674025207279821,0.9670204805587118,0.9963735008566533,0.0060185185185185185,0.8987508218277449,0.6944373888747778,0.008219642403186171,0.0061795710650672485,1101102133,0.8968494537120636
n300,m300,fp0.001,fn0.2,na0.05,s100,h1,minVAF0.005,ISAV0,d0,l1000000,simNo2,huntress_v0.1.2.0_default,heron11,135.482,300,125,58,86,19,0.9471698113207547,0.6167076167076168,0.00033270752631954183,0.9915347715670934,0.9990953267162944,0.003686150605581885,0.9413218035824583,0.898849896785609,0.004604169331116511,0.0032701111837802484,1053536630,0.8409146818703161
n300,m300,fp0.001,fn0.2,na0.05,s100,h1,minVAF0.005,ISAV0,d0,l1000000,simNo2,scistree_v1.2.0.6_wmuts,heron11,1236.763,300,136,91,86,41,0.9390862944162437,0.45454545454545453,0.0002851778797024644,0.9899567010837539,0.9987334574028123,0.00315955766192733,0.919889502762431,0.8838100855204954,0.006292364752525898,0.0049800796812749,1073423767,0.8567882500097233
n300,m300,fp0.001,fn0.2,na0.05,s100,h1,minVAF0.005,ISAV0,d0,l1000000,simNo2,fastral_wrootx_wmuts,heron11,274.551,300,125,79,86,40,0.9052132701421801,0.4692874692874693,0.000475296466170774,0.9894609670205382,0.9949596774193549,0.0052659294365455505,0.8837485172004745,0.8787968150987909,0.009668755595344674,0.004676018704074816,1078304315,0.8606838188508112
n300,m300,fp0.001,fn0.2,na0.05,s100,h1,minVAF0.005,ISAV0,d0,l1000000,simNo2,fastme_v2.1.5_wrootx_wmuts,heron11,2.391,300,135,82,86,33,0.9195979899497487,0.44963144963144963,0.0003802371729366192,0.9907738171725219,0.9964846980976013,0.00421274354923644,0.8975118483412322,0.8935417281038042,0.008594449418084155,0.003289473684210526,1074515575,0.8576597122359426
n300,m300,fp0.001,fn0.2,na0.05,s100,h1,minVAF0.005,ISAV0,d0,l1000000,simNo2,treeqmcbip_v1.0.0_n2_wrootx_wmuts,heron11,201.288,300,130,78,86,34,0.8778280542986425,0.47665847665847666,0.0006416502293305449,0.9902713247940036,0.9971567411083541,0.0071090047393364926,0.9081015719467956,0.8858743733411973,0.007545721959329838,0.002987056090275473,1074912008,0.8579761381869586
n300,m300,fp0.001,fn0.2,na0.05,s100,h1,minVAF0.005,ISAV0,d0,l1000000,simNo3,huntress_v0.1.2.0_default,heron03,120.269,300,121,58,88,25,0.8607142857142858,0.6392572944297082,0.0010009496188691837,0.9909247464669382,0.9982651319050504,0.012888301387970919,0.9172385950746871,0.8576821442053605,0.005042108418958327,0.008726003490401396,849219488,0.8619803511418876
n300,m300,fp0.001,fn0.2,na0.05,s100,h1,minVAF0.005,ISAV0,d0,l1000000,simNo3,scistree_v1.2.0.6_wmuts,heron03,717.572,300,135,79,88,32,0.9184782608695652,0.4482758620689655,0.00038498062264199367,0.9880543282605139,0.9976317673624497,0.00495703899537343,0.8859437751004016,0.8327670819177048,0.007140715706849091,0.009874326750448833,869994324,0.8830673618419944
n300,m300,fp0.001,fn0.2,na0.05,s100,h1,minVAF0.005,ISAV0,d0,l1000000,simNo3,fastral_wrootx_wmuts,heron03,277.079,300,135,91,88,44,0.8478260869565217,0.41379310344827586,0.0007186304955983882,0.9901531728665208,0.9968607148758055,0.009253139458030404,0.863251155624037,0.8459796149490374,0.008721484832792782,0.015377855887521968,863524049,0.8764998607479962
n300,m300,fp0.001,fn0.2,na0.05,s100,h1,minVAF0.005,ISAV0,d0,l1000000,simNo3,fastme_v2.1.5_wrootx_wmuts,heron03,2.404,300,147,93,88,34,0.9106145251396648,0.4323607427055703,0.0004106459974847933,0.9892988121955225,0.9954012226689432,0.005287508261731659,0.857796416317194,0.8493771234428086,0.009648142596277016,0.008373732921992068,863364550,0.8763379650237818
n300,m300,fp0.001,fn0.2,na0.05,s100,h1,minVAF0.005,ISAV0,d0,l1000000,simNo3,treeqmcbip_v1.0.0_n2_wrootx_wmuts,heron03,192.218,300,131,74,88,31,0.9020618556701031,0.46419098143236076,0.000487642122013192,0.9874385581649372,0.9957592113234566,0.006278916060806345,0.8638163103721298,0.8237070592676482,0.00874873947289526,0.010430839002267574,862964096,0.8759314935703898
n300,m300,fp0.001,fn0.2,na0.05,s100,h1,minVAF0.005,ISAV0,d0,l1000000,simNo4,huntress_v0.1.2.0_default,heron05,119.89,300,132,67,86,21,0.8828451882845189,0.5466321243523317,0.0006838942894826828,0.9983030801666066,0.9980977841756208,0.011541632316570486,0.8851936218678815,0.9524509803921568,0.005803298717165547,0.012201321809862735,719203510,0.8134220345978099
n300,m300,fp0.001,fn0.2,na0.05,s100,h1,minVAF0.005,ISAV0,d0,l1000000,simNo4,scistree_v1.2.0.6_wmuts,heron05,792.976,300,138,77,86,25,0.8787878787878788,0.45077720207253885,0.000586195105270871,0.9959963042808746,0.9975836717906534,0.00989282769991756,0.8545706371191135,0.9073529411764706,0.007279576461005905,0.015425531914893617,746160874,0.8439109206604958
n300,m300,fp0.001,fn0.2,na0.05,s100,h1,minVAF0.005,ISAV0,d0,l1000000,simNo4,fastral_wrootx_wmuts,heron05,277.459,300,135,86,86,37,0.8199052132701422,0.4481865284974093,0.0009281422500122124,0.9964770623328533,0.9961184514934964,0.015663643858202802,0.8380439659039928,0.9156862745098039,0.008424964365709631,0.015806111696522657,751508443,0.8499590425003519
n300,m300,fp0.001,fn0.2,na0.05,s100,h1,minVAF0.005,ISAV0,d0,l1000000,simNo4,fastme_v2.1.5_wrootx_wmuts,heron05,2.395,300,142,83,86,27,0.8359788359788359,0.40932642487046633,0.0007571686776415417,0.9977870982682757,0.996786797593954,0.012778235779060182,0.8391915641476274,0.9362745098039216,0.008297699042964773,0.020512820512820513,745285049,0.842920359096841
n300,m300,fp0.001,fn0.2,na0.05,s100,h1,minVAF0.005,ISAV0,d0,l1000000,simNo4,treeqmcbip_v1.0.0_n2_wrootx_wmuts,heron05,188.688,300,132,74,86,28,0.885593220338983,0.5414507772020726,0.0006594694934297299,0.9971998869679143,0.9978407279831372,0.011129431162407255,0.8845265588914549,0.9387254901960784,0.005956017104459377,0.008285862247540134,755227955,0.8541658253882037
n300,m300,fp0.001,fn0.2,na0.05,s100,h1,minVAF0.005,ISAV0,d0,l1000000,simNo5,huntress_v0.1.2.0_default,heron07,129.586,300,132,59,91,18,0.8954545454545455,0.5338753387533876,0.0005423377113348581,0.9902927385629198,0.9981606376456161,0.006329113924050633,0.9242668385433451,0.8784073506891271,0.005593095943107332,0.004857737682165163,1097037868,0.7855996553460541
n300,m300,fp0.001,fn0.2,na0.05,s100,h1,minVAF0.005,ISAV0,d0,l1000000,simNo5,scistree_v1.2.0.6_wmuts,heron07,1015.811,300,141,78,91,28,0.9354838709677419,0.4715447154471545,0.00028295880591383907,0.9896306061912127,0.9971898630696914,0.003302146395156852,0.909495077802477,0.8771822358346095,0.006934426644395516,0.0038260869565217392,1123886388,0.8048261457652086
n300,m300,fp0.001,fn0.2,na0.05,s100,h1,minVAF0.005,ISAV0,d0,l1000000,simNo5,fastral_wrootx_wmuts,heron07,271.651,300,133,81,91,39,0.8578947368421053,0.44173441734417346,0.0006366573133061379,0.9903245467012037,0.996244635193133,0.007429829389102917,0.8928348909657321,0.8777947932618683,0.008149216713486701,0.007617728531855956,1122553100,0.8038713650563288
n300,m300,fp0.001,fn0.2,na0.05,s100,h1,minVAF0.005,ISAV0,d0,l1000000,simNo5,fastme_v2.1.5_wrootx_wmuts,heron07,2.372,300,131,72,91,32,0.915,0.4959349593495935,0.00040085830837793867,0.990399756184284,0.9962190884937666,0.004678040726472207,0.8982521847690387,0.8814701378254212,0.007769594816895705,0.006558508802209182,1121195590,0.8028992387339503
n300,m300,fp0.001,fn0.2,na0.05,s100,h1,minVAF0.005,ISAV0,d0,l1000000,simNo5,treeqmcbip_v1.0.0_n2_wrootx_wmuts,heron07,203.433,300,131,71,91,31,0.9333333333333333,0.4932249322493225,0.00030653870640665894,0.9904392371677825,0.9977263437563867,0.003577325261419923,0.9165344335131704,0.8845329249617152,0.006251107230531724,0.005509641873278237,1128643289,0.8082326095666161
n300,m300,fp0.001,fn0.2,na0.05,s100,h1,minVAF0.005,ISAV0,d0,l1000000,simNo6,huntress_v0.1.2.0_default,heron09,130.385,300,126,67,85,26,0.9063829787234042,0.5011764705882353,0.0005378578588367602,0.97524893314367,0.998332053691986,0.006184987348889514,0.8962108731466227,0.6947637292464879,0.006257199706775579,0.005938784833257195,875048563,0.9256791702458314
n300,m300,fp0.001,fn0.2,na0.05,s100,h1,minVAF0.005,ISAV0,d0,l1000000,simNo6,scistree_v1.2.0.6_wmuts,heron09,984.643,300,141,85,85,29,0.9352941176470588,0.37411764705882355,0.0002689289294183801,0.9755150636711875,0.9978554976039818,0.003092493674444757,0.8711340206185567,0.7014687100893997,0.008220756100115195,0.004981884057971014,884402531,0.935574362013315
n300,m300,fp0.001,fn0.2,na0.05,s100,h1,minVAF0.005,ISAV0,d0,l1000000,simNo6,fastral_wrootx_wmuts,heron09,275.67,300,139,93,85,39,0.8397790055248618,0.35764705882352943,0.0007089944502848202,0.9760875753733081,0.998570331735988,0.008152937868990722,0.872705506783719,0.6982758620689655,0.007801864069536077,0.009510869565217392,885901199,0.9371597434531266
n300,m300,fp0.001,fn0.2,na0.05,s100,h1,minVAF0.005,ISAV0,d0,l1000000,simNo6,fastme_v2.1.5_wrootx_wmuts,heron09,2.157,300,142,87,85,30,0.9438202247191011,0.3952941176470588,0.00024448084492580005,0.9745797776053788,0.9977760715893146,0.0028113578858588698,0.8689516129032258,0.688058748403576,0.00814221384438161,0.006454587367450438,884700178,0.9358892309698922
n300,m300,fp0.001,fn0.2,na0.05,s100,h1,minVAF0.005,ISAV0,d0,l1000000,simNo6,treeqmcbip_v1.0.0_n2_wrootx_wmuts,heron09,189.86,300,141,82,85,26,0.9289617486338798,0.4,0.0003178250984035401,0.9761578089000492,0.998332053691986,0.003654765251616531,0.8823529411764706,0.7088122605363985,0.0074615142946905435,0.004930524428507396,885844079,0.937099318470514
n300,m300,fp0.001,fn0.2,na0.05,s100,h1,minVAF0.005,ISAV0,d0,l1000000,simNo7,huntress_v0.1.2.0_default,heron11,118.354,300,135,71,84,20,0.8882978723404256,0.4677871148459384,0.000534841075794621,0.9767068054269057,0.9989411797486695,0.005627009646302251,0.9204253758709204,0.7437037037037038,0.005683385752910666,0.00436334787782626,1087342299,0.8644091063754229
n300,m300,fp0.001,fn0.2,na0.05,s100,h1,minVAF0.005,ISAV0,d0,l1000000,simNo7,scistree_v1.2.0.6_wmuts,heron11,1053.984,300,138,88,84,34,0.9011627906976745,0.4341736694677871,0.00043296658516707415,0.9754437547642383,0.9983560422413553,0.004555198285101822,0.9061464850938535,0.7294814814814815,0.006483474038514595,0.008058017727639,1110635123,0.8829263011882406
n300,m300,fp0.001,fn0.2,na0.05,s100,h1,minVAF0.005,ISAV0,d0,l1000000,simNo7,fastral_wrootx_wmuts,heron11,266.444,300,132,92,84,44,0.8695652173913043,0.4481792717086835,0.0006112469437652812,0.9744637941841768,0.9962941291203433,0.006430868167202572,0.8782798833819242,0.7140740740740741,0.008469900126910556,0.01107919573245794,1111854926,0.8838960131383355
n300,m300,fp0.001,fn0.2,na0.05,s100,h1,minVAF0.005,ISAV0,d0,l1000000,simNo7,fastme_v2.1.5_wrootx_wmuts,heron11,2.115,300,138,89,84,35,0.8848484848484849,0.40896358543417366,0.0004839038304808476,0.9746518029927226,0.9963777201928168,0.005091103965702036,0.8818214672930972,0.7229629629629629,0.008580257131821442,0.006514657980456026,1110951543,0.8831778469339463
n300,m300,fp0.001,fn0.2,na0.05,s100,h1,minVAF0.005,ISAV0,d0,l1000000,simNo7,treeqmcbip_v1.0.0_n2_wrootx_wmuts,heron11,190.029,300,126,66,84,24,0.9157894736842105,0.48739495798319327,0.00040749796251018743,0.9744503700478886,0.997882359497339,0.004287245444801715,0.9111608809257186,0.7232592592592593,0.006179992275009656,0.005702647657841141,1107627511,0.880535327155836
n300,m300,fp0.001,fn0.2,na0.05,s100,h1,minVAF0.005,ISAV0,d0,l1000000,simNo8,huntress_v0.1.2.0_default,heron04,115.827,300,134,68,86,20,0.8346774193548387,0.5307692307692308,0.0009945180226070926,0.9921478060046189,0.9987600743955363,0.014118457300275482,0.9049207673060884,0.8631662688941926,0.005703033092936423,0.0022988505747126436,924269772,0.8861598279072913
n300,m300,fp0.001,fn0.2,na0.05,s100,h1,minVAF0.005,ISAV0,d0,l1000000,simNo8,scistree_v1.2.0.6_wmuts,heron04,646.335,300,129,75,86,32,0.910377358490566,0.4948717948717949,0.00046087420559840875,0.9901307357087926,0.9977526348419095,0.0065426997245179065,0.8830409356725146,0.8408910103420844,0.006649276251854125,0.00937207122774133,932087543,0.8936552527430379
n300,m300,fp0.001,fn0.2,na0.05,s100,h1,minVAF0.005,ISAV0,d0,l1000000,simNo8,fastral_wrootx_wmuts,heron04,272.978,300,119,69,86,36,0.8844444444444445,0.5102564102564102,0.0006306699655557172,0.9906997002382721,0.9988634015292416,0.008953168044077135,0.9021186440677966,0.8468575974542562,0.005447291698634341,0.008383791336748951,932132069,0.89369794282519
n300,m300,fp0.001,fn0.2,na0.05,s100,h1,minVAF0.005,ISAV0,d0,l1000000,simNo8,fastme_v2.1.5_wrootx_wmuts,heron04,2.842,300,125,65,86,26,0.9026548672566371,0.5230769230769231,0.0005336438170086839,0.9907231817948849,0.998656747261831,0.007575757575757576,0.8978040540540541,0.8456642800318218,0.005575162395785382,0.011162790697674419,932403882,0.893958548298397
n300,m300,fp0.001,fn0.2,na0.05,s100,h1,minVAF0.005,ISAV0,d0,l1000000,simNo8,treeqmcbip_v1.0.0_n2_wrootx_wmuts,heron04,200.598,300,132,76,86,30,0.8925233644859814,0.4897435897435897,0.0005579003541454422,0.9915673458926054,0.9993283736309154,0.007920110192837466,0.906158357771261,0.860381861575179,0.0052682727226228835,0.008253094910591471,936242854,0.897639229923957
n300,m300,fp0.001,fn0.2,na0.05,s100,h1,minVAF0.005,ISAV0,d0,l1000000,simNo9,huntress_v0.1.2.0_default,heron06,119.366,300,127,64,86,23,0.8240343347639485,0.47761194029850745,0.0009878803941883718,0.9900348649633137,0.9908082491407145,0.011710939731505284,0.8258184064237184,0.8628589867699258,0.013941143122197599,0.008527994067482388,1031354135,0.8599512555384327
n300,m300,fp0.001,fn0.2,na0.05,s100,h1,minVAF0.005,ISAV0,d0,l1000000,simNo9,scistree_v1.2.0.6_wmuts,heron06,1344.117,300,143,87,86,30,0.8924731182795699,0.4129353233830846,0.00048189287521384,0.9896675535349883,0.9976304551609207,0.0057126535275635534,0.8908848968729208,0.8641497257179735,0.007808070916868526,0.00924898261191269,1061552985,0.885131296120048
n300,m300,fp0.001,fn0.2,na0.05,s100,h1,minVAF0.005,ISAV0,d0,l1000000,simNo9,fastral_wrootx_wmuts,heron06,460.46500000000003,300,135,86,86,37,0.8238095238095238,0.43034825870646765,0.0008915018191456039,0.9908216557215989,0.9978908447036767,0.010568409025992574,0.8926085515412662,0.8689899967731526,0.007601917229294439,0.0106539309331374,1059948937,0.8837938281788893
n300,m300,fp0.001,fn0.2,na0.05,s100,h1,minVAF0.005,ISAV0,d0,l1000000,simNo9,fastme_v2.1.5_wrootx_wmuts,heron06,2.708,300,147,87,86,26,0.8729281767955801,0.39303482587064675,0.0005541768064959159,0.9908486932244138,0.9980470784293303,0.006569551556698086,0.8895100295955278,0.8728622136172959,0.007911147760655568,0.010607168983174835,1062007643,0.8855103935655055
n300,m300,fp0.001,fn0.2,na0.05,s100,h1,minVAF0.005,ISAV0,d0,l1000000,simNo9,treeqmcbip_v1.0.0_n2_wrootx_wmuts,heron06,198.213,300,140,75,86,21,0.8725490196078431,0.4427860696517413,0.0006264607377779919,0.9910226890538897,0.9974481824809915,0.007426449585832619,0.889763779527559,0.8751210067763795,0.00796268618254909,0.009857612267250822,1062424229,0.885857746275484
n300,m300,fp0.001,fn0.2,na0.05,s100,h1,minVAF0.005,ISAV0,d0,l1000000,simNo10,huntress_v0.1.2.0_default,heron10,121.56,300,128,74,81,27,0.8888888888888888,0.4528301886792453,0.0005350318471337579,0.9749730603448276,0.9898799266978474,0.006862745098039216,0.7569204152249135,0.6507995537374489,0.014811004007364887,0.0084985835694051,728976883,0.9108815749201524
n300,m300,fp0.001,fn0.2,na0.05,s100,h1,minVAF0.005,ISAV0,d0,l1000000,simNo10,scistree_v1.2.0.6_wmuts,heron10,851.534,300,136,91,81,36,0.9493670886075949,0.40431266846361186,0.00020382165605095542,0.9743706237639639,0.9972101419545417,0.00261437908496732,0.8572127139364303,0.6519152101152845,0.007689808296328387,0.004542873367404884,741982512,0.9271325536584551
n300,m300,fp0.001,fn0.2,na0.05,s100,h1,minVAF0.005,ISAV0,d0,l1000000,simNo10,fastral_wrootx_wmuts,heron10,262.641,300,139,96,81,38,0.948051948051948,0.3935309973045822,0.00020382165605095542,0.9740655579915513,0.9964716501189792,0.00261437908496732,0.8348668280871671,0.6411305317962067,0.008502111989602512,0.015419760137064534,741697744,0.9267767262922164
n300,m300,fp0.001,fn0.2,na0.05,s100,h1,minVAF0.005,ISAV0,d0,l1000000,simNo10,fastme_v2.1.5_wrootx_wmuts,heron10,2.404,300,133,76,81,24,0.9147727272727273,0.4339622641509434,0.0003821656050955414,0.975822645853972,0.9968545718114932,0.004901960784313725,0.8520992366412213,0.6641874302714764,0.008041806563413842,0.007226236798221234,740671822,0.9254948016264308
n300,m300,fp0.001,fn0.2,na0.05,s100,h1,minVAF0.005,ISAV0,d0,l1000000,simNo10,treeqmcbip_v1.0.0_n2_wrootx_wmuts,heron10,192.458,300,129,82,81,34,0.9493670886075949,0.40431266846361186,0.00020382165605095542,0.9734470679466267,0.9957058067339515,0.00261437908496732,0.8359148112294289,0.6422461881740424,0.00893534062601538,0.005184331797235023,743294809,0.928772313692002
n300,m1000,fp0.001,fn0.2,na0.05,s100,h1,minVAF0.005,ISAV0,d0,l1000000,simNo1,huntress_v0.1.2.0_default,heron10,1420.175,300,172,91,88,7,0.9005281690140845,0.6313515737502572,0.0007490305688434217,0.9884482103864046,0.999400052315438,0.008320447684264782,0.9406442936609817,0.8577002396744886,0.004495165621352867,0.001524835350225481,4079708851,0.8960036998228881
n300,m1000,fp0.001,fn0.2,na0.05,s100,h1,minVAF0.005,ISAV0,d0,l1000000,simNo1,scistree_v1.2.0.6_wmuts,heron10,3067.236,300,195,107,88,0,0.9758779709116708,0.5659329356099568,0.00015024801970900495,0.9876906279298845,0.9985985222088634,0.001668998355545738,0.923774083188284,0.857867454433978,0.006008577582526022,0.00022735392510312124,4122523189,0.9054067740751266
n300,m1000,fp0.001,fn0.2,na0.05,s100,h1,minVAF0.005,ISAV0,d0,l1000000,simNo1,fastral_wrootx_wmuts,heron10,416.425,300,177,96,88,7,0.9702209414024976,0.6233285332236166,0.00020548626224908028,0.9879692925991553,0.9981713594574553,0.0022826006921434355,0.9264339526367921,0.8602084610668301,0.00573815600952643,0.0010356657388827756,4125224087,0.9059999572382464
n300,m1000,fp0.001,fn0.2,na0.05,s100,h1,minVAF0.005,ISAV0,d0,l1000000,simNo1,fastme_v2.1.5_wrootx_wmuts,heron10,2.321,300,173,86,88,1,0.967992240543162,0.6159226496605636,0.00021874344045869835,0.9879746474590444,0.9980297718038987,0.0024298652529268832,0.9243916309976353,0.8606822362187169,0.005972995796605023,0.000258975106017934,4121900672,0.9052700541385884
n300,m1000,fp0.001,fn0.2,na0.05,s100,h1,minVAF0.005,ISAV0,d0,l1000000,simNo1,treeqmcbip_v1.0.0_n2_wrootx_wmuts,heron10,683.387,300,163,80,88,5,0.9722921914357683,0.6352602345196462,0.00019443861374106522,0.9877861181933425,0.998545726812622,0.002159880224823896,0.9331779096524161,0.8589543503706594,0.005216289816018445,0.00025949592915761136,4124278449,0.905792272038729
n300,m1000,fp0.001,fn0.2,na0.05,s100,h1,minVAF0.005,ISAV0,d0,l1000000,simNo2,huntress_v0.1.2.0_default,heron03,1515.762,300,164,87,84,7,0.8419354838709677,0.6260357610117749,0.0012209652647840999,0.985552870018693,0.9989621247960454,0.01698600781545443,0.9108221291602381,0.7611434465482944,0.004652728375197544,0.0035686728395061726,2276233026,0.9241063095295275
n300,m1000,fp0.001,fn0.2,na0.05,s100,h1,minVAF0.005,ISAV0,d0,l1000000,simNo2,scistree_v1.2.0.6_wmuts,heron03,2767.589,300,193,111,84,2,0.9150594993844892,0.48626253815961623,0.0004689050274773816,0.9837319845646557,0.9980401054288114,0.006523383335434262,0.8785508616614379,0.7530759596257276,0.006689043051464094,0.0011726193384472565,2298448673,0.9331254298605676
n300,m1000,fp0.001,fn0.2,na0.05,s100,h1,minVAF0.005,ISAV0,d0,l1000000,simNo2,fastral_wrootx_wmuts,heron03,403.591,300,169,94,84,9,0.9007741027445461,0.5582206716092455,0.0006387981533749836,0.9846435283440879,0.9977504658370101,0.008886928022185806,0.8833368983957219,0.7606277167906874,0.006395412681967276,0.0023192887514495554,2301478809,0.9343556061054192
n300,m1000,fp0.001,fn0.2,na0.05,s100,h1,minVAF0.005,ISAV0,d0,l1000000,simNo2,fastme_v2.1.5_wrootx_wmuts,heron03,1.834,300,182,102,84,4,0.9090564607805988,0.5231138246838203,0.0005436580028723264,0.9842348561308628,0.9980039004798362,0.007563342997604941,0.8815298107052411,0.7565387165696603,0.006483740516693961,0.002137894174238375,2296774989,0.932445946729055
n300,m1000,fp0.001,fn0.2,na0.05,s100,h1,minVAF0.005,ISAV0,d0,l1000000,simNo2,treeqmcbip_v1.0.0_n2_wrootx_wmuts,heron03,629.269,300,177,96,84,3,0.9152348224513173,0.5226777147841256,0.0005028836526569019,0.9844350010117964,0.9980666557247265,0.006996092272784571,0.882058521560575,0.7595594194356443,0.0064813532779175636,0.0020328154493974154,2300384744,0.9339114370076218
n300,m1000,fp0.001,fn0.2,na0.05,s100,h1,minVAF0.005,ISAV0,d0,l1000000,simNo3,huntress_v0.1.2.0_default,heron05,1510.245,300,171,88,90,7,0.8772395487723955,0.5761603835258227,0.0008050881571532082,0.9890285976273712,0.9976275536748639,0.011671556102331157,0.8845428651662856,0.8132561227500738,0.006257807959657159,0.006443763518385003,2366579562,0.9174930517687192
n300,m1000,fp0.001,fn0.2,na0.05,s100,h1,minVAF0.005,ISAV0,d0,l1000000,simNo3,scistree_v1.2.0.6_wmuts,heron05,2531.888,300,185,96,90,1,0.9369195046439629,0.5275659185007627,0.000354673971935062,0.9890725648558847,0.9987559686911079,0.005141793634270212,0.9002129968251417,0.8262024195928003,0.00555308954957511,0.0024937655860349127,2393889374,0.9280807214830368
n300,m1000,fp0.001,fn0.2,na0.05,s100,h1,minVAF0.005,ISAV0,d0,l1000000,simNo3,fastral_wrootx_wmuts,heron05,411.794,300,170,88,90,8,0.905937052932761,0.5519721072129005,0.0005722653657602534,0.9888460252081205,0.998131640710809,0.008296268256521876,0.8919658670101432,0.8173502508114489,0.0058734160996124045,0.005252053687659918,2396761043,0.9291940313403454
n300,m1000,fp0.001,fn0.2,na0.05,s100,h1,minVAF0.005,ISAV0,d0,l1000000,simNo3,fastme_v2.1.5_wrootx_wmuts,heron05,2.075,300,176,88,90,2,0.9387905604719764,0.5548049684027021,0.0003612017137498178,0.9894086051073346,0.9983929335321934,0.005236427872937762,0.8982523342111564,0.8303334316907642,0.005678932122804047,0.0030115146147032773,2391153029,0.9270198750339868
n300,m1000,fp0.001,fn0.2,na0.05,s100,h1,minVAF0.005,ISAV0,d0,l1000000,simNo3,treeqmcbip_v1.0.0_n2_wrootx_wmuts,heron05,640.837,300,161,71,90,0,0.9441941074523397,0.5935933754630639,0.0003503221440585582,0.9890250355638328,0.9983420623634283,0.005078704141825179,0.9050602214857327,0.8259442313366775,0.005273947841685467,0.001961046485715559,2396077832,0.9289291590514704
n300,m1000,fp0.001,fn0.2,na0.05,s100,h1,minVAF0.005,ISAV0,d0,l1000000,simNo4,huntress_v0.1.2.0_default,heron07,1769.221,300,172,92,85,5,0.8754669987546699,0.5832814768720183,0.0008689814885218407,0.978222958852778,0.9987933368650304,0.006969369620517824,0.9508200315734082,0.8248530614574021,0.005288966130740722,0.0014046884354994703,4185420180,0.7813178003702946
n300,m1000,fp0.001,fn0.2,na0.05,s100,h1,minVAF0.005,ISAV0,d0,l1000000,simNo4,scistree_v1.2.0.6_wmuts,heron07,4542.123,300,191,112,85,6,0.9562073121735637,0.49367351171956025,0.0002367974556222016,0.9759101168873846,0.9978368355995055,0.001899153221591107,0.9345050717033928,0.813116999220132,0.007160222708619658,0.0009815377424631923,4240102164,0.7915256183721574
n300,m1000,fp0.001,fn0.2,na0.05,s100,h1,minVAF0.005,ISAV0,d0,l1000000,simNo4,fastral_wrootx_wmuts,heron07,431.421,300,176,104,85,13,0.9195236376759293,0.5285210537232939,0.00048445717985092624,0.9780469741853576,0.9976013891341456,0.003885423563438687,0.9357233543500247,0.8271165807543797,0.007036603426920402,0.0019280205655526992,4243674180,0.7921924282894374
n300,m1000,fp0.001,fn0.2,na0.05,s100,h1,minVAF0.005,ISAV0,d0,l1000000,simNo4,fastme_v2.1.5_wrootx_wmuts,heron07,2.517,300,178,96,85,3,0.9452201933404941,0.5476042314872434,0.0003323854193596041,0.9784025119732261,0.998060019228128,0.002665783879848068,0.9414337736214958,0.8310539630608867,0.006510615502827488,0.0007318802460947328,4236693581,0.7908893174854111
n300,m1000,fp0.001,fn0.2,na0.05,s100,h1,minVAF0.005,ISAV0,d0,l1000000,simNo4,treeqmcbip_v1.0.0_n2_wrootx_wmuts,heron07,684.044,300,170,91,85,6,0.9473118279569892,0.5482265090230243,0.00031935069703177646,0.9781274186027507,0.9980624717954755,0.0025612433355403003,0.9418283146844083,0.8293420577102315,0.0064354743708142145,0.0008707807236646119,4241563445,0.7917984045698487
n300,m1000,fp0.001,fn0.2,na0.05,s100,h1,minVAF0.005,ISAV0,d0,l1000000,simNo5,huntress_v0.1.2.0_default,heron09,1484.284,300,170,90,85,5,0.8893604122461352,0.5870348139255702,0.0008118634378968955,0.9736480116611403,0.9987981505297324,0.005822764616734466,0.9520532651279865,0.8130254650094475,0.005709332970516057,0.0020426835755473754,3089032327,0.6545933566654594
n300,m1000,fp0.001,fn0.2,na0.05,s100,h1,minVAF0.005,ISAV0,d0,l1000000,simNo5,scistree_v1.2.0.6_wmuts,heron09,3767.912,300,187,103,85,1,0.9608632040965618,0.525610244097639,0.0002379983228903228,0.9727676829919769,0.9989971829260824,0.0017069474355906518,0.9491940709541552,0.8125747568776327,0.006235921933816082,0.0007248076062162911,3265581588,0.6920057114552305
n300,m1000,fp0.001,fn0.2,na0.05,s100,h1,minVAF0.005,ISAV0,d0,l1000000,simNo5,fastral_wrootx_wmuts,heron09,442.26,300,177,104,85,12,0.9415561133022589,0.5254101640656262,0.0003625581928142301,0.9733735692712963,0.9975529222038501,0.0026003031028156657,0.9390761747174099,0.816561790351379,0.007478067191743891,0.0018646833216790625,3267903669,0.6924977810211438
n300,m1000,fp0.001,fn0.2,na0.05,s100,h1,minVAF0.005,ISAV0,d0,l1000000,simNo5,fastme_v2.1.5_wrootx_wmuts,heron09,2.514,300,181,99,85,3,0.9414545454545454,0.5180072028811524,0.0003581096260312334,0.9734015676298621,0.9978846428644335,0.0025683975432719153,0.9403330803945844,0.8163017664291782,0.007420117210136711,0.0009123119682600302,3266060524,0.692107202242856
n300,m1000,fp0.001,fn0.2,na0.05,s100,h1,minVAF0.005,ISAV0,d0,l1000000,simNo5,treeqmcbip_v1.0.0_n2_wrootx_wmuts,heron09,638.112,300,168,90,85,7,0.9535452322738386,0.5462184873949579,0.00029582969106927977,0.9732773510804044,0.9978591258905424,0.0021217197096594083,0.9428931976604439,0.8160070726506838,0.007064858627240523,0.000997453310696095,3265237271,0.6919327476280743
n300,m1000,fp0.001,fn0.2,na0.05,s100,h1,minVAF0.005,ISAV0,d0,l1000000,simNo6,huntress_v0.1.2.0_default,heron11,1298.68,300,170,93,83,6,0.8993672793009942,0.6133141565646189,0.000755454426193912,0.9804874196150136,0.9988321602110402,0.009069679031119318,0.9165408585917237,0.7408554710723114,0.005059923956571396,0.002359583702018287,2429145913,0.8401918691065425
n300,m1000,fp0.001,fn0.2,na0.05,s100,h1,minVAF0.005,ISAV0,d0,l1000000,simNo6,scistree_v1.2.0.6_wmuts,heron11,2300.409,300,198,116,83,1,0.9655586704044854,0.49537702897061847,0.00019451820554693543,0.9797544690932587,0.9981738789103738,0.002335306576875034,0.8912390111954317,0.742294815232016,0.0069128199197158735,0.001094782938228978,2502189633,0.8654561973236573
n300,m1000,fp0.001,fn0.2,na0.05,s100,h1,minVAF0.005,ISAV0,d0,l1000000,simNo6,fastral_wrootx_wmuts,heron11,412.257,300,174,100,83,9,0.9222059897735574,0.5188000821861516,0.0004817718346685726,0.9796891578904507,0.9972498470105495,0.005783956986911421,0.8831912028725314,0.7388529052848962,0.007435678728561584,0.0015644820295983087,2503075436,0.8657625784571443
n300,m1000,fp0.001,fn0.2,na0.05,s100,h1,minVAF0.005,ISAV0,d0,l1000000,simNo6,fastme_v2.1.5_wrootx_wmuts,heron11,2.395,300,182,102,83,3,0.9579863739591219,0.5200328744606534,0.00025106419553150966,0.9798626213080674,0.9974765883474458,0.0030141747678270785,0.8857185483570177,0.7430457774022967,0.007271833571872606,0.0019333417391669818,2499806197,0.8646318155781973
n300,m1000,fp0.001,fn0.2,na0.05,s100,h1,minVAF0.005,ISAV0,d0,l1000000,simNo6,treeqmcbip_v1.0.0_n2_wrootx_wmuts,heron11,638.186,300,175,96,83,4,0.9290053151100988,0.502773782617629,0.0004229640050846154,0.9796227698187121,0.9974497694796408,0.005077934068321295,0.8821460640526788,0.7377577521199036,0.007479049505332196,0.0019471723670843211,2500825053,0.8649842170220172
n300,m1000,fp0.001,fn0.2,na0.05,s100,h1,minVAF0.005,ISAV0,d0,l1000000,simNo7,huntress_v0.1.2.0_default,heron04,1463.527,300,164,86,85,7,0.9613394216133943,0.6388832692696743,0.0002830493553383777,0.9743204951564379,0.9983799177608478,0.003121466843631716,0.9181370386707837,0.6987941694877319,0.005300501334099094,0.0004802112929689063,2837056397,0.9039617768154494
n300,m1000,fp0.001,fn0.2,na0.05,s100,h1,minVAF0.005,ISAV0,d0,l1000000,simNo7,scistree_v1.2.0.6_wmuts,heron04,2847.855,300,198,117,85,4,0.9666795815575359,0.5047541978555533,0.0001916712170007912,0.9730344080386922,0.9982685219716086,0.0021137492011994298,0.8965177398160316,0.6871555269563271,0.006669298969812269,0.0019505059124710472,2877562470,0.9168680911769176
n300,m1000,fp0.001,fn0.2,na0.05,s100,h1,minVAF0.005,ISAV0,d0,l1000000,simNo7,fastral_wrootx_wmuts,heron04,406.439,300,178,100,85,7,0.9414119359534207,0.5233663766943152,0.0003588263481061324,0.9733346559721868,0.9979755026129578,0.003957135132478002,0.896303303740358,0.68919788490054,0.006595115881163478,0.003801358783565189,2880441698,0.9177854899503396
n300,m1000,fp0.001,fn0.2,na0.05,s100,h1,minVAF0.005,ISAV0,d0,l1000000,simNo7,fastme_v2.1.5_wrootx_wmuts,heron04,1.916,300,178,97,85,4,0.9773218142548596,0.5492615820352013,0.00014041031012848658,0.9731380423209223,0.9981910292486597,0.001548444182274001,0.9044249734208307,0.6902050751196038,0.006173947377867117,0.0010932501923310524,2876529486,0.916538954945065
n300,m1000,fp0.001,fn0.2,na0.05,s100,h1,minVAF0.005,ISAV0,d0,l1000000,simNo7,treeqmcbip_v1.0.0_n2_wrootx_wmuts,heron04,660.926,300,177,96,85,4,0.9796296296296296,0.5351001416144042,0.00012258042947725019,0.9736097330498464,0.9980312005075773,0.0013518163496042865,0.8991240770233097,0.6949892286601572,0.0066214389126195,0.0008044728691524878,2878917187,0.9172997401168884
n300,m1000,fp0.001,fn0.2,na0.05,s100,h1,minVAF0.005,ISAV0,d0,l1000000,simNo8,huntress_v0.1.2.0_default,heron06,1456.166,300,174,90,90,6,0.8997867803837953,0.6081943586576076,0.0007162933885467082,0.9813184613450894,0.9987397187582914,0.007826252438270136,0.9255622021048591,0.7781931631747397,0.005222665901612469,0.003341255898866729,3408849850,0.8752496660790853
n300,m1000,fp0.001,fn0.2,na0.05,s100,h1,minVAF0.005,ISAV0,d0,l1000000,simNo8,scistree_v1.2.0.6_wmuts,heron06,3053.804,300,194,108,90,4,0.976727004063539,0.5443689520280008,0.00013716256376426327,0.9800736600292036,0.9985454648826896,0.0014986440839240688,0.9173545816733067,0.7741050536564374,0.005939318711430144,0.0019764901695620515,3446928753,0.8850267312482677
n300,m1000,fp0.001,fn0.2,na0.05,s100,h1,minVAF0.005,ISAV0,d0,l1000000,simNo8,fastral_wrootx_wmuts,heron06,790.672,300,177,95,90,8,0.9607179139857772,0.5841054148651431,0.00025255329201038953,0.981093938836482,0.9980858886404124,0.0027594081545268567,0.9159060867375842,0.7827116000107582,0.0060798388702179235,0.0026047021728699705,3449178180,0.8856042897554631
n300,m1000,fp0.001,fn0.2,na0.05,s100,h1,minVAF0.005,ISAV0,d0,l1000000,simNo8,fastme_v2.1.5_wrootx_wmuts,heron06,2.188,300,180,95,90,5,0.9569707401032702,0.5723697755816347,0.00027214794397671286,0.9810275262678776,0.9981995982261305,0.0029735001665160093,0.9165511592741935,0.7825233318092574,0.006068128856985608,0.001989503653140329,3445067125,0.8845487432590451
n300,m1000,fp0.001,fn0.2,na0.05,s100,h1,minVAF0.005,ISAV0,d0,l1000000,simNo8,treeqmcbip_v1.0.0_n2_wrootx_wmuts,heron06,662.914,300,176,92,90,6,0.9659953780125454,0.6024294832200947,0.0002242499058368114,0.9809504968929643,0.9984767653413182,0.002450164137209192,0.9235707248863889,0.7816357817164681,0.0054709181821375455,0.0023686107582987195,3446393768,0.8848893695388316
n300,m1000,fp0.001,fn0.2,na0.05,s100,h1,minVAF0.005,ISAV0,d0,l1000000,simNo9,huntress_v0.1.2.0_default,heron08,1414.252,300,173,95,86,8,0.8661151960784313,0.5942821105738911,0.0009552246635947924,0.9825724824113836,0.9988853635523659,0.008223715162121982,0.9447113710744377,0.841242610888347,0.005332734095428636,0.004281240825912516,4213902197,0.7432771033358988
n300,m1000,fp0.001,fn0.2,na0.05,s100,h1,minVAF0.005,ISAV0,d0,l1000000,simNo9,scistree_v1.2.0.6_wmuts,heron08,3907.372,300,188,104,86,2,0.9576796789492886,0.5518183729241118,0.0002535607802677252,0.9818014825215851,0.9981471613436258,0.002182954139144508,0.9381008098745038,0.8451283535199041,0.006354821328036843,0.0016602778523817662,4363617870,0.76968498528215
n300,m1000,fp0.001,fn0.2,na0.05,s100,h1,minVAF0.005,ISAV0,d0,l1000000,simNo9,fastral_wrootx_wmuts,heron08,438.758,300,160,86,86,12,0.9200960219478738,0.564010931259197,0.0005093074293308618,0.9817140461377579,0.9959105553138338,0.004384726848454055,0.9220213510280543,0.8443636062998636,0.008133204787137648,0.002173859944798613,4371954839,0.7711555173161713
n300,m1000,fp0.001,fn0.2,na0.05,s100,h1,minVAF0.005,ISAV0,d0,l1000000,simNo9,fastme_v2.1.5_wrootx_wmuts,heron08,2.074,300,169,86,86,3,0.9547038327526133,0.5759932730712634,0.00028416294340348513,0.981820722689521,0.9960547736261373,0.002446414121455052,0.9245342595516262,0.8472572444297466,0.00796406505597317,0.001218264217143414,4363272959,0.7696241475035297
n300,m1000,fp0.001,fn0.2,na0.05,s100,h1,minVAF0.005,ISAV0,d0,l1000000,simNo9,treeqmcbip_v1.0.0_n2_wrootx_wmuts,heron08,660.821,300,169,86,86,3,0.9564459930313589,0.5770443556863569,0.00027323359942642804,0.982238459815569,0.9969347497690063,0.0023523212706298576,0.931276615022198,0.8497788433715018,0.00721018511135435,0.001214653580798756,4369798322,0.7707751359892873
n300,m1000,fp0.001,fn0.2,na0.05,s100,h1,minVAF0.005,ISAV0,d0,l1000000,simNo10,huntress_v0.1.2.0_default,heron08,1489.831,300,174,97,87,10,0.8761536171479607,0.5890712570056045,0.0009040844623522713,0.9852142468201556,0.9987685949243464,0.01009120900446342,0.9217681765679143,0.8150325714916639,0.005532732419060765,0.0044841537424140255,4108774257,0.9045259696045626
n300,m1000,fp0.001,fn0.2,na0.05,s100,h1,minVAF0.005,ISAV0,d0,l1000000,simNo10,scistree_v1.2.0.6_wmuts,heron08,3272.308,300,194,113,87,6,0.9544117647058824,0.5196156925540433,0.0002694867147396193,0.9843369567747492,0.9975820111062358,0.003007956530176596,0.9034146341463415,0.8179308821905709,0.00720677450792955,0.002591807196472449,4139079025,0.911197411729216
n300,m1000,fp0.001,fn0.2,na0.05,s100,h1,minVAF0.005,ISAV0,d0,l1000000,simNo10,fastral_wrootx_wmuts,heron08,418.449,300,166,88,87,9,0.9488215488215488,0.5640512409927942,0.00033033855355179143,0.9841705611557027,0.9970488740428303,0.003687172520861634,0.9050967682759042,0.8171303963784917,0.007094860830679269,0.002056364617044229,4140676352,0.9115490552275144
n300,m1000,fp0.001,fn0.2,na0.05,s100,h1,minVAF0.005,ISAV0,d0,l1000000,simNo10,fastme_v2.1.5_wrootx_wmuts,heron08,2.402,300,179,96,87,4,0.9513019952654718,0.5630504403522818,0.00031295231389117084,0.9841098710207731,0.9969781036361834,0.0034931108092373375,0.9040459601515707,0.8166059401567848,0.007225426787471264,0.0013839662447257383,4137402252,0.9108282785939388
n300,m1000,fp0.001,fn0.2,na0.05,s100,h1,minVAF0.005,ISAV0,d0,l1000000,simNo10,treeqmcbip_v1.0.0_n2_wrootx_wmuts,heron08,667.483,300,179,98,87,6,0.9553108808290155,0.5904723779023219,0.0002999126341457054,0.9843803475017636,0.9974239571980581,0.003347564525519115,0.9117746548171838,0.8184277354532405,0.006558607793855006,0.0018851410489463408,4138997875,0.9111795469652152
n1000,m300,fp0.001,fn0.2,na0.05,s100,h1,minVAF0.005,ISAV0,d0,l1000000,simNo1,huntress_v0.1.2.0_default,heron03,198.34,1000,204,140,99,35,0.9875776397515528,0.37411764705882355,4.501969611705121e-05,0.9996861571145768,1.0,0.0005812263876780006,0.9173553719008265,0.9937002652519894,0.006358464406941722,0.0013328890369876708,133414131392,0.8931649094702858
n1000,m300,fp0.001,fn0.2,na0.05,s100,h1,minVAF0.005,ISAV0,d0,l1000000,simNo1,scistree_v1.2.0.6_wmuts,heron03,47258.16,1000,203,174,99,70,0.9769230769230769,0.2988235294117647,6.752954417557682e-05,0.99908281238686,0.999613610567751,0.0008718395815170009,0.9017938583155974,0.98342175066313,0.0074580484773151025,0.003694994961370507,134071858599,0.8975681826105967
n1000,m300,fp0.001,fn0.2,na0.05,s100,h1,minVAF0.005,ISAV0,d0,l1000000,simNo1,fastral_wrootx_wmuts,heron03,10483.659,1000,190,160,99,69,0.92,0.3247058823529412,0.00027011817670230726,0.9986239528764214,0.9989615784008308,0.0034873583260680036,0.8971620384498017,0.9748010610079576,0.007792704498733088,0.003727549983056591,135052673411,0.9041344238597574
n1000,m300,fp0.001,fn0.2,na0.05,s100,h1,minVAF0.005,ISAV0,d0,l1000000,simNo1,fastme_v2.1.5_wrootx_wmuts,heron03,169.888,1000,204,171,99,66,0.9104477611940298,0.28705882352941176,0.00027011817670230726,0.9991793188346327,0.9996619092467821,0.0034873583260680036,0.902342561606328,0.98342175066313,0.007529760481904671,0.002018842530282638,135057617735,0.9041675245264692
n1000,m300,fp0.001,fn0.2,na0.05,s100,h1,minVAF0.005,ISAV0,d0,l1000000,simNo1,treeqmcbip_v1.0.0_n2_wrootx_wmuts,heron03,6842.217,1000,188,150,99,61,0.9680851063829787,0.42823529411764705,0.00013505908835115363,0.999203187250996,0.9993479678330798,0.0017436791630340018,0.9177702494610409,0.9880636604774535,0.006358464406941722,0.0003354579000335458,135138220926,0.9047071370925548
n1000,m300,fp0.001,fn0.2,na0.05,s100,h1,minVAF0.005,ISAV0,d0,l1000000,simNo2,huntress_v0.1.2.0_default,heron05,187.529,1000,206,144,99,37,0.8657718120805369,0.3225,0.0004499437570303712,1.0,1.0,0.005560189046427579,0.919953596287703,0.9921801689083516,0.006506134011955922,0.0015738117721120553,118059950553,0.8354208386824177
n1000,m300,fp0.001,fn0.2,na0.05,s100,h1,minVAF0.005,ISAV0,d0,l1000000,simNo2,scistree_v1.2.0.6_wmuts,heron05,54539.963,1000,211,178,99,66,0.9747899159663865,0.29,6.749156355455568e-05,0.9997818710615608,0.9999515186774295,0.0008340283569641367,0.916450590607894,0.9949953081013451,0.006842244256116006,0.001569365976145637,120696909903,0.8540806024840253
n1000,m300,fp0.001,fn0.2,na0.05,s100,h1,minVAF0.005,ISAV0,d0,l1000000,simNo2,fastral_wrootx_wmuts,heron05,10554.114,1000,198,163,99,64,0.9647887323943662,0.3425,0.0001124859392575928,0.999418083068642,0.9991758175163018,0.0013900472616068947,0.9116883116883117,0.9881138567406944,0.007082323001944638,0.003470031545741325,120548406092,0.8530297535064335
n1000,m300,fp0.001,fn0.2,na0.05,s100,h1,minVAF0.005,ISAV0,d0,l1000000,simNo2,fastme_v2.1.5_wrootx_wmuts,heron05,160.826,1000,200,164,99,63,0.9849624060150376,0.3275,4.499437570303712e-05,0.9995153629931182,0.9998787966935738,0.0005560189046427579,0.9196868657581908,0.9921801689083516,0.0064581182627901955,0.0025157232704402514,120478972468,0.8525384243459253
n1000,m300,fp0.001,fn0.2,na0.05,s100,h1,minVAF0.005,ISAV0,d0,l1000000,simNo2,treeqmcbip_v1.0.0_n2_wrootx_wmuts,heron05,6975.355,1000,194,154,99,59,0.9932885906040269,0.37,2.249718785151856e-05,0.999878811382035,1.0,0.00027800945232137893,0.9253557943653791,0.9965592743196747,0.005977960771132932,0.002504696305572949,120850783199,0.855169447239533
n1000,m300,fp0.001,fn0.2,na0.05,s100,h1,minVAF0.005,ISAV0,d0,l1000000,simNo3,huntress_v0.1.2.0_default,heron07,191.221,1000,200,135,98,33,1.0,0.39198218262806234,0.0,0.9998328318288198,1.0,0.0,0.9025,0.9972375690607734,0.006404196994044806,0.0007908264136022143,107750855568,0.865030125496955
n1000,m300,fp0.001,fn0.2,na0.05,s100,h1,minVAF0.005,ISAV0,d0,l1000000,simNo3,scistree_v1.2.0.6_wmuts,heron07,37142.189,1000,200,183,98,81,0.9868421052631579,0.33407572383073497,4.504403053985271e-05,0.9990931869705286,1.0,0.0006704659738518271,0.8933046902971715,0.9846093133385951,0.007018621797901503,0.00040064102564102563,109498243041,0.8790582535994468
n1000,m300,fp0.001,fn0.2,na0.05,s100,h1,minVAF0.005,ISAV0,d0,l1000000,simNo3,fastral_wrootx_wmuts,heron07,10558.277,1000,200,173,98,71,0.9858156028368794,0.30957683741648107,4.504403053985271e-05,0.9989258861439313,0.9995939522774501,0.0006704659738518271,0.8837953091684435,0.9814522494080505,0.0076330466017582,0.0016057808109193096,109335695845,0.8777533152709867
n1000,m300,fp0.001,fn0.2,na0.05,s100,h1,minVAF0.005,ISAV0,d0,l1000000,simNo3,fastme_v2.1.5_wrootx_wmuts,heron07,124.352,1000,206,176,98,68,0.9453125,0.26948775055679286,0.00015765410688948448,0.9993553932101418,0.9998089187188,0.0023466309084813944,0.8801128349788434,0.9850039463299132,0.007916627280461292,0.001999200319872051,109698114634,0.8806628343544177
n1000,m300,fp0.001,fn0.2,na0.05,s100,h1,minVAF0.005,ISAV0,d0,l1000000,simNo3,treeqmcbip_v1.0.0_n2_wrootx_wmuts,heron07,6807.152,1000,198,162,98,62,0.9882352941176471,0.3741648106904232,4.504403053985271e-05,0.999904463923189,0.9999522296797,0.0006704659738518271,0.8989683386695126,0.9972375690607734,0.006640514226297382,0.0011857707509881424,110100699049,0.8838948054157593
n1000,m300,fp0.001,fn0.2,na0.05,s100,h1,minVAF0.005,ISAV0,d0,l1000000,simNo4,huntress_v0.1.2.0_default,heron09,176.988,1000,206,143,98,35,0.9705882352941176,0.33249370277078083,8.998267833442062e-05,0.9997161308636718,0.9993378892856298,0.0015618898867629833,0.8803768947152806,0.9930683918669131,0.006793796560933327,0.0009298000929800093,92108338777,0.8218163222450084
n1000,m300,fp0.001,fn0.2,na0.05,s100,h1,minVAF0.005,ISAV0,d0,l1000000,simNo4,scistree_v1.2.0.6_wmuts,heron09,38583.301,1000,199,167,98,66,0.9185185185185185,0.3123425692695214,0.0002474523654196567,0.9980152635682725,0.9988176594386247,0.004295197188598204,0.850752508361204,0.9403881700554528,0.007449749332333787,0.018804243008678882,92051410061,0.8213083883420149
n1000,m300,fp0.001,fn0.2,na0.05,s100,h1,minVAF0.005,ISAV0,d0,l1000000,simNo4,fastral_wrootx_wmuts,heron09,10628.123,1000,206,172,98,64,0.8571428571428571,0.25692695214105793,0.00038242638292128767,0.9995740955445662,0.9989595403059898,0.006638032018742679,0.8585899513776337,0.9792051756007394,0.007848006372112637,0.006563525550867323,94661208984,0.8445937431880238
n1000,m300,fp0.001,fn0.2,na0.05,s100,h1,minVAF0.005,ISAV0,d0,l1000000,simNo4,fastme_v2.1.5_wrootx_wmuts,heron09,150.368,1000,207,176,98,67,0.8823529411764706,0.26448362720403024,0.0003149393741704722,0.9994559174887043,0.9990777743621273,0.005466614603670442,0.8506916192026037,0.9662661737523105,0.007637164409876775,0.019230769230769232,94616647078,0.8441961494176073
n1000,m300,fp0.001,fn0.2,na0.05,s100,h1,minVAF0.005,ISAV0,d0,l1000000,simNo4,treeqmcbip_v1.0.0_n2_wrootx_wmuts,heron09,6799.674,1000,197,156,98,57,0.9375,0.3022670025188917,0.00017996535666884125,0.9991956280016088,0.9987230721937147,0.0031237797735259665,0.8630248675091724,0.9782809611829945,0.007613737525183901,0.005169172932330827,95264364881,0.8499752685482087
n1000,m300,fp0.001,fn0.2,na0.05,s100,h1,minVAF0.005,ISAV0,d0,l1000000,simNo5,huntress_v0.1.2.0_default,heron11,174.035,1000,204,145,99,40,1.0,0.3569553805774278,0.0,1.0,1.0,0.0,0.9260042283298098,1.0,0.005863488416618801,0.0,132682356154,0.7857459645574615
n1000,m300,fp0.001,fn0.2,na0.05,s100,h1,minVAF0.005,ISAV0,d0,l1000000,simNo5,scistree_v1.2.0.6_wmuts,heron11,44259.145,1000,206,174,99,67,0.967741935483871,0.31496062992125984,8.995030245789202e-05,0.9990815265994731,0.9983576069366954,0.0011604293588627793,0.8983000298240382,0.9823874755381604,0.007754164273406089,0.005612413337735226,135822210060,0.8043402042699065
n1000,m300,fp0.001,fn0.2,na0.05,s100,h1,minVAF0.005,ISAV0,d0,l1000000,simNo5,fastral_wrootx_wmuts,heron11,10945.19,1000,204,167,99,62,0.9206349206349206,0.30446194225721784,0.00022487575614473003,0.9998791131742463,0.9988648165591866,0.002901073397156948,0.904252155813262,0.9918460534898891,0.007419107792456443,0.003930560104814936,136025679817,0.8055451537832139
n1000,m300,fp0.001,fn0.2,na0.05,s100,h1,minVAF0.005,ISAV0,d0,l1000000,simNo5,fastme_v2.1.5_wrootx_wmuts,heron11,143.031,1000,211,172,99,60,0.8571428571428571,0.23622047244094488,0.0003373136342170951,0.9998791453156725,0.9991304977900152,0.004351610095735422,0.8965312777942485,0.9863013698630136,0.00782596209075244,0.007222586999343401,136335721276,0.8073812217602703
n1000,m300,fp0.001,fn0.2,na0.05,s100,h1,minVAF0.005,ISAV0,d0,l1000000,simNo5,treeqmcbip_v1.0.0_n2_wrootx_wmuts,heron11,6934.627,1000,202,162,99,59,0.8671875,0.29133858267716534,0.00038228878544604105,0.9995893124607431,0.9993720261816776,0.004931824775166811,0.9092548076923077,0.9869536855838226,0.006964388282596209,0.0036219953901876854,136343177221,0.8074253759256433
n1000,m300,fp0.001,fn0.2,na0.05,s100,h1,minVAF0.005,ISAV0,d0,l1000000,simNo6,huntress_v0.1.2.0_default,heron04,193.145,1000,210,155,99,44,0.9848484848484849,0.3170731707317073,4.5004500450045e-05,0.9999523752827718,1.0,0.0007000350017500875,0.897172236503856,0.998365345320801,0.006556139895762092,0.0008179959100204499,108096919978,0.9163883225085986
n1000,m300,fp0.001,fn0.2,na0.05,s100,h1,minVAF0.005,ISAV0,d0,l1000000,simNo6,scistree_v1.2.0.6_wmuts,heron04,40470.454,1000,195,162,99,66,0.9507042253521126,0.32926829268292684,0.00015751575157515752,0.9996189659688981,0.9995713571309504,0.002450122506125306,0.8899521531100478,0.9881487535758071,0.006839138740183478,0.003708281829419036,109459788625,0.927941999648318
n1000,m300,fp0.001,fn0.2,na0.05,s100,h1,minVAF0.005,ISAV0,d0,l1000000,simNo6,fastral_wrootx_wmuts,heron04,10132.724,1000,204,172,99,67,0.9779411764705882,0.32439024390243903,6.75067506750675e-05,0.9995953055443141,0.999928559521825,0.0010500525026251313,0.8976727004063539,0.9930527176134042,0.006367473999481169,0.002872384078785392,109418804801,0.9275945605378142
n1000,m300,fp0.001,fn0.2,na0.05,s100,h1,minVAF0.005,ISAV0,d0,l1000000,simNo6,fastme_v2.1.5_wrootx_wmuts,heron04,139.223,1000,210,172,99,61,0.9166666666666666,0.2951219512195122,0.00024752475247524753,0.9993096388697121,0.9996427976091253,0.0038501925096254812,0.8856510512725931,0.9812014711892113,0.007074971110534632,0.00414765657403567,109254671106,0.926203122174364
n1000,m300,fp0.001,fn0.2,na0.05,s100,h1,minVAF0.005,ISAV0,d0,l1000000,simNo6,treeqmcbip_v1.0.0_n2_wrootx_wmuts,heron04,6800.934,1000,204,170,99,65,0.9790209790209791,0.34146341463414637,6.75067506750675e-05,0.999666642855442,0.9997618650727502,0.0010500525026251313,0.8970479704797047,0.9934613812832039,0.0065089734216918615,0.0012325390304026294,109556217701,0.9287594741814932
n1000,m300,fp0.001,fn0.2,na0.05,s100,h1,minVAF0.005,ISAV0,d0,l1000000,simNo7,huntress_v0.1.2.0_default,heron06,198.953,1000,196,137,99,40,0.9570552147239264,0.3880597014925373,0.00015748740100791935,1.0,1.0,0.0021875,0.9160355614092854,0.9942816297355254,0.005849900123656425,0.0032246506628448583,132173869360,0.8553097027844576
n1000,m300,fp0.001,fn0.2,na0.05,s100,h1,minVAF0.005,ISAV0,d0,l1000000,simNo7,scistree_v1.2.0.6_wmuts,heron06,41868.845,1000,206,181,99,74,0.9343065693430657,0.31840796019900497,0.00020248380129589633,1.0,1.0,0.0028125,0.9072804440091413,0.9932094353109364,0.0065157424141539045,0.0035855145213338113,135177372240,0.8747456561089996
n1000,m300,fp0.001,fn0.2,na0.05,s100,h1,minVAF0.005,ISAV0,d0,l1000000,simNo7,fastral_wrootx_wmuts,heron06,18319.103,1000,190,165,99,74,0.9055555555555556,0.4054726368159204,0.00038246940244780417,0.9995198079231693,0.9995198079231693,0.0053125,0.9125827814569536,0.9849892780557541,0.006111481023494721,0.0025334781035106766,135208996621,0.8749503004917722
n1000,m300,fp0.001,fn0.2,na0.05,s100,h1,minVAF0.005,ISAV0,d0,l1000000,simNo7,fastme_v2.1.5_wrootx_wmuts,heron06,164.28,1000,206,171,99,64,0.9407407407407408,0.31592039800995025,0.00017998560115190784,0.9987045389118127,0.9995198079231693,0.0025,0.9013526888815573,0.9764117226590422,0.006896223723009607,0.003283473184968989,134786024769,0.8722132093347073
n1000,m300,fp0.001,fn0.2,na0.05,s100,h1,minVAF0.005,ISAV0,d0,l1000000,simNo7,treeqmcbip_v1.0.0_n2_wrootx_wmuts,heron06,7128.491,1000,189,161,99,71,0.9488636363636364,0.4154228855721393,0.00020248380129589633,0.9993519274158705,0.9996398559423769,0.0028125,0.9160026560424966,0.9860614724803431,0.005897460287263388,0.001808972503617945,135381266952,0.876065078218411
n1000,m300,fp0.001,fn0.2,na0.05,s100,h1,minVAF0.005,ISAV0,d0,l1000000,simNo8,huntress_v0.1.2.0_default,heron08,189.436,1000,198,137,99,38,0.9166666666666666,0.389873417721519,0.00031492520526374987,1.0,1.0,0.005059631369714492,0.9049634474798,0.9915682967959528,0.00567352511888507,0.002544529262086514,114745111842,0.8812177232141356
n1000,m300,fp0.001,fn0.2,na0.05,s100,h1,minVAF0.005,ISAV0,d0,l1000000,simNo8,scistree_v1.2.0.6_wmuts,heron08,35267.048,1000,200,164,99,63,0.950354609929078,0.3392405063291139,0.00015746260263187493,0.9992394172034321,0.9990019722928498,0.002529815684857246,0.8842943854324734,0.9827150084317032,0.006968313009087057,0.0038461538461538464,115223750281,0.8848935632450305
n1000,m300,fp0.001,fn0.2,na0.05,s100,h1,minVAF0.005,ISAV0,d0,l1000000,simNo8,fastral_wrootx_wmuts,heron08,10866.162,1000,192,155,99,62,0.9036144578313253,0.379746835443038,0.00035991452030142843,0.9997861165902232,0.9996910866620726,0.005782435851102277,0.8971209213051824,0.9852445193929174,0.0060266490889401576,0.005108556832694764,115925378208,0.8902819144736717
n1000,m300,fp0.001,fn0.2,na0.05,s100,h1,minVAF0.005,ISAV0,d0,l1000000,simNo8,fastme_v2.1.5_wrootx_wmuts,heron08,160.822,1000,202,161,99,58,0.9724137931034482,0.3569620253164557,8.997863007535711e-05,0.9999524669645403,0.9997861369198964,0.0014456089627755693,0.899581589958159,0.9970489038785835,0.00614435707895852,0.001266891891891892,116111638537,0.8917123536480437
n1000,m300,fp0.001,fn0.2,na0.05,s100,h1,minVAF0.005,ISAV0,d0,l1000000,simNo8,treeqmcbip_v1.0.0_n2_wrootx_wmuts,heron08,6986.275,1000,196,154,99,57,0.98125,0.39746835443037976,6.748397255651783e-05,0.9997624082301789,0.9999049497421761,0.0010842067220816769,0.9065743944636678,0.9940978077571669,0.005649983520881398,0.0012706480304955528,116331030368,0.8933972356155806
n1000,m300,fp0.001,fn0.2,na0.05,s100,h1,minVAF0.005,ISAV0,d0,l1000000,simNo9,huntress_v0.1.2.0_default,heron10,193.089,1000,193,137,99,43,0.9879518072289156,0.4151898734177215,4.4989315037678554e-05,0.9999517397808986,1.0,0.0005865102639296188,0.9262800740283775,0.9960199004975124,0.005497788932711844,0.00298804780876494,126692644064,0.8531513637130324
n1000,m300,fp0.001,fn0.2,na0.05,s100,h1,minVAF0.005,ISAV0,d0,l1000000,simNo9,scistree_v1.2.0.6_wmuts,heron10,40870.658,1000,189,156,99,66,0.9857142857142858,0.3493670886075949,4.4989315037678554e-05,0.9990109757568447,0.9993725868725869,0.0005865102639296188,0.9127496159754225,0.9854063018242123,0.006621250149396438,0.0023505708529214238,129489414006,0.8719848809044769
n1000,m300,fp0.001,fn0.2,na0.05,s100,h1,minVAF0.005,ISAV0,d0,l1000000,simNo9,fastral_wrootx_wmuts,heron10,10544.54,1000,186,153,99,66,0.8765432098765432,0.3594936708860759,0.0004498931503767855,0.9999517374517375,0.9999517374517375,0.005865102639296188,0.9156403940886699,0.9864013266998342,0.006047567825983029,0.007011686143572621,129881040652,0.8746221043168518
n1000,m300,fp0.001,fn0.2,na0.05,s100,h1,minVAF0.005,ISAV0,d0,l1000000,simNo9,fastme_v2.1.5_wrootx_wmuts,heron10,156.016,1000,214,179,99,64,0.9469026548672567,0.2708860759493671,0.00013496794511303565,0.9998551319506482,0.999300193050193,0.0017595307917888563,0.9015060240963856,0.9927031509121061,0.007505677064658779,0.004324683965402528,130009050093,0.8754841230233374
n1000,m300,fp0.001,fn0.2,na0.05,s100,h1,minVAF0.005,ISAV0,d0,l1000000,simNo9,treeqmcbip_v1.0.0_n2_wrootx_wmuts,heron10,6756.396,1000,192,157,99,64,0.9066666666666666,0.34430379746835443,0.00031492520526374987,0.9998069730968754,0.9999276061776062,0.004105571847507331,0.9170506912442397,0.9900497512437811,0.006167084976694156,0.004004004004004004,130303937614,0.8774699028019647
n1000,m300,fp0.001,fn0.2,na0.05,s100,h1,minVAF0.005,ISAV0,d0,l1000000,simNo10,huntress_v0.1.2.0_default,heron10,196.325,1000,206,142,99,35,0.9793103448275862,0.34549878345498786,6.750826976304597e-05,0.9994572143295417,0.999811138128851,0.0012043356081894822,0.8828828828828829,0.989423076923077,0.006382978723404255,0.0,92010507690,0.9145848099809952
n1000,m300,fp0.001,fn0.2,na0.05,s100,h1,minVAF0.005,ISAV0,d0,l1000000,simNo10,scistree_v1.2.0.6_wmuts,heron10,42787.631,1000,211,174,99,62,1.0,0.2822384428223844,0.0,0.9993157795394488,0.9999055690644255,0.0,0.8761702127659574,0.9899038461538462,0.006803834463408932,0.0,92974623982,0.9241681297327916
n1000,m300,fp0.001,fn0.2,na0.05,s100,h1,minVAF0.005,ISAV0,d0,l1000000,simNo10,fastral_wrootx_wmuts,heron10,10352.449,1000,199,161,99,61,0.9178082191780822,0.3260340632603406,0.0002700330790521839,0.9983724879705632,0.999244552515404,0.004817342432757929,0.865684575389948,0.9605769230769231,0.006990881458966565,0.0054753608760577405,91932178505,0.913806217572609
n1000,m300,fp0.001,fn0.2,na0.05,s100,h1,minVAF0.005,ISAV0,d0,l1000000,simNo10,fastme_v2.1.5_wrootx_wmuts,heron10,138.062,1000,215,178,99,62,0.9836065573770492,0.291970802919708,4.500551317536398e-05,0.9981129850218187,0.9989612597086805,0.0008028904054596548,0.856408058294042,0.9605769230769231,0.00762216506897358,0.004484304932735426,91715023813,0.91164769907613
n1000,m300,fp0.001,fn0.2,na0.05,s100,h1,minVAF0.005,ISAV0,d0,l1000000,simNo10,treeqmcbip_v1.0.0_n2_wrootx_wmuts,heron10,6725.621,1000,192,153,99,60,0.967741935483871,0.36496350364963503,0.00011251378293840996,0.9996695463343247,0.9998347458627447,0.002007226013649137,0.8866466294547016,0.9927884615384616,0.006125789104512508,0.0009675858732462506,93104865452,0.9254627304591884
