id	position	f_xy|zw	f_xz|yw	f_xw|yz	f_xyzw	totalf
0	1	60	0	60	0	120
1	2	120	0	0	0	120
2	3	40	0	80	0	120
3	4	60	0	40	0	100
4	5	40	60	0	0	100
5	6	60	0	60	0	120
6	7	40	0	40	0	80
7	8	100	0	0	0	100
8	9	40	0	40	0	80
9	10	0	0	120	0	120
10	11	0	0	100	0	100
11	12	100	0	0	0	100
12	13	0	100	0	0	100
13	14	0	100	0	0	100
14	15	50	0	50	0	100
15	16	100	0	0	0	100
16	17	0	120	0	0	120
17	18	100	0	0	0	100
18	19	0	0	120	0	120
19	20	0	50	50	0	100
20	21	40	0	80	0	120
21	22	0	40	40	0	80
22	23	0	100	0	0	100
23	24	100	0	0	0	100
24	25	120	0	0	0	120
25	26	60	40	0	0	100
26	27	60	0	60	0	120
27	28	0	100	0	0	100
28	29	48	72	0	0	120
29	30	0	120	0	0	120
30	31	60	60	0	0	120
31	32	0	60	60	0	120
32	33	0	100	0	0	100
33	34	0	120	0	0	120
34	35	0	100	0	0	100
35	36	60	0	40	0	100
36	37	0	120	0	0	120
37	38	0	100	0	0	100
38	39	100	0	0	0	100
39	40	40	0	60	0	100
40	41	100	0	0	0	100
41	42	40	60	0	0	100
42	43	0	0	120	0	120
43	44	0	120	0	0	120
44	45	48	0	32	0	80
45	46	40	80	0	0	120
46	47	20	30	50	0	100
47	48	0	0	120	0	120
48	49	60	40	0	0	100
49	50	40	0	60	0	100
50	51	40	20	60	0	120
51	52	80	40	0	0	120
52	53	100	0	0	0	100
53	54	80	0	40	0	120
54	55	80	40	0	0	120
55	56	0	60	40	0	100
56	57	0	20	100	0	120
57	58	0	40	80	0	120
58	59	0	120	0	0	120
59	60	0	120	0	0	120
60	61	0	120	0	0	120
61	62	0	120	0	0	120
62	63	100	0	0	0	100
63	64	0	100	0	0	100
64	65	80	0	40	0	120
65	66	0	120	0	0	120
66	67	0	100	0	0	100
67	68	100	0	0	0	100
68	69	40	0	80	0	120
69	70	0	100	0	0	100
70	71	0	100	0	0	100
71	72	120	0	0	0	120
72	73	0	0	120	0	120
73	74	0	120	0	0	120
74	75	100	0	0	0	100
75	76	100	0	0	0	100
76	77	20	30	50	0	100
77	78	40	80	0	0	120
78	79	120	0	0	0	120
79	80	0	0	120	0	120
80	81	0	0	120	0	120
81	82	40	60	0	0	100
82	83	16	0	80	0	96
83	84	100	0	0	0	100
84	85	0	120	0	0	120
85	86	0	120	0	0	120
86	87	60	0	40	0	100
87	88	0	120	0	0	120
88	89	0	120	0	0	120
89	90	100	0	0	0	100
90	91	40	0	80	0	120
91	92	0	80	40	0	120
92	93	40	60	0	0	100
93	94	80	0	0	0	80
94	95	0	96	0	0	96
95	96	80	40	0	0	120
96	97	0	0	120	0	120
97	98	0	120	0	0	120
98	99	0	0	100	0	100
99	100	120	0	0	0	120
100	101	120	0	0	0	120
101	102	40	80	0	0	120
102	103	40	0	60	0	100
103	104	0	100	0	0	100
104	105	100	0	0	0	100
105	106	40	0	60	0	100
106	107	40	60	0	0	100
107	108	100	0	0	0	100
108	109	120	0	0	0	120
109	110	96	0	0	0	96
110	111	0	0	120	0	120
111	112	0	0	120	0	120
112	113	100	0	0	0	100
113	114	120	0	0	0	120
114	115	0	100	0	0	100
115	116	120	0	0	0	120
116	117	120	0	0	0	120
117	118	60	60	0	0	120
118	119	0	100	0	0	100
119	120	40	60	0	0	100
120	121	0	0	100	0	100
121	122	0	120	0	0	120
122	123	50	0	50	0	100
123	124	40	0	80	0	120
124	125	0	120	0	0	120
125	126	20	20	60	0	100
126	127	0	120	0	0	120
127	128	0	100	0	0	100
128	129	60	0	0	0	60
129	130	80	40	0	0	120
130	131	120	0	0	0	120
131	132	0	0	120	0	120
132	133	0	60	40	0	100
133	134	50	50	0	0	100
134	135	40	0	80	0	120
135	136	40	80	0	0	120
136	137	0	100	0	0	100
137	138	0	120	0	0	120
138	139	50	0	50	0	100
139	140	120	0	0	0	120
140	141	100	0	0	0	100
141	142	120	0	0	0	120
142	143	60	0	40	0	100
143	144	50	0	50	0	100
144	145	0	50	50	0	100
145	146	40	80	0	0	120
146	147	0	40	60	0	100
147	148	100	0	0	0	100
148	149	0	40	80	0	120
149	150	0	0	120	0	120
150	151	0	0	120	0	120
151	152	0	40	80	0	120
152	153	20	50	30	0	100
153	154	100	0	0	0	100
154	155	0	120	0	0	120
155	156	40	0	80	0	120
156	157	80	0	40	0	120
157	158	0	120	0	0	120
158	159	0	0	100	0	100
159	160	0	30	70	0	100
160	161	0	0	100	0	100
161	162	0	40	80	0	120
162	163	0	120	0	0	120
163	164	0	0	120	0	120
164	165	60	0	40	0	100
165	166	80	0	40	0	120
166	167	100	0	0	0	100
167	168	100	0	0	0	100
168	169	0	120	0	0	120
169	170	0	120	0	0	120
170	171	50	0	50	0	100
171	172	40	0	80	0	120
172	173	120	0	0	0	120
173	174	40	0	80	0	120
174	175	0	0	120	0	120
175	176	0	0	120	0	120
176	177	50	0	50	0	100
177	178	0	0	100	0	100
178	179	64	32	0	0	96
179	180	0	80	40	0	120
180	181	0	0	100	0	100
181	182	80	0	40	0	120
182	183	40	0	80	0	120
183	184	0	100	0	0	100
184	185	50	50	0	0	100
185	186	120	0	0	0	120
186	187	0	0	120	0	120
187	188	40	0	80	0	120
188	189	0	0	100	0	100
189	190	100	0	0	0	100
190	191	80	0	40	0	120
191	192	0	120	0	0	120
192	193	20	30	0	0	50
193	194	50	0	50	0	100
194	195	48	0	32	0	80
195	196	0	50	50	0	100
196	197	0	80	40	0	120
197	198	100	0	0	0	100
198	199	100	0	0	0	100
199	200	0	100	0	0	100
200	201	0	120	0	0	120
201	202	120	0	0	0	120
202	203	0	100	0	0	100
203	204	60	0	60	0	120
204	205	32	0	64	0	96
205	206	60	0	0	0	60
206	207	100	0	0	0	100
207	208	0	0	100	0	100
208	209	20	40	60	0	120
209	210	0	120	0	0	120
210	211	120	0	0	0	120
211	212	0	60	0	0	60
212	213	0	120	0	0	120
213	214	100	0	0	0	100
214	215	0	100	0	0	100
215	216	20	0	100	0	120
216	217	0	80	40	0	120
217	218	60	20	0	0	80
218	219	0	100	0	0	100
219	220	0	0	100	0	100
220	221	0	120	0	0	120
221	222	0	100	0	0	100
222	223	0	0	120	0	120
223	224	40	0	80	0	120
224	225	70	0	30	0	100
225	226	100	0	0	0	100
226	227	20	0	80	0	100
227	228	0	120	0	0	120
228	229	80	0	40	0	120
229	230	0	40	80	0	120
230	231	0	120	0	0	120
231	232	0	0	120	0	120
232	233	100	0	0	0	100
233	234	0	0	100	0	100
234	235	80	0	40	0	120
235	236	10	0	40	0	50
236	237	48	0	32	0	80
237	238	0	100	0	0	100
238	239	0	80	40	0	120
239	240	0	120	0	0	120
240	241	50	50	0	0	100
241	242	80	0	40	0	120
242	243	96	0	0	0	96
243	244	40	80	0	0	120
244	245	0	100	0	0	100
245	246	0	60	60	0	120
246	247	0	40	60	0	100
247	248	0	60	60	0	120
248	249	0	0	120	0	120
249	250	0	100	0	0	100
250	251	0	40	80	0	120
251	252	0	50	50	0	100
252	253	120	0	0	0	120
253	254	40	80	0	0	120
254	255	64	0	32	0	96
255	256	50	0	0	0	50
256	257	0	60	40	0	100
257	258	50	0	50	0	100
258	259	40	80	0	0	120
259	260	30	50	20	0	100
260	261	60	0	40	0	100
261	262	80	0	40	0	120
262	263	80	20	20	0	120
263	264	0	0	120	0	120
264	265	16	0	80	0	96
265	266	60	0	40	0	100
266	267	40	80	0	0	120
267	268	100	0	0	0	100
268	269	120	0	0	0	120
269	270	120	0	0	0	120
270	271	0	16	80	0	96
271	272	0	100	0	0	100
272	273	120	0	0	0	120
273	274	0	0	100	0	100
274	275	40	80	0	0	120
275	276	0	80	40	0	120
276	277	70	0	30	0	100
277	278	80	20	0	0	100
278	279	0	60	60	0	120
279	280	40	0	80	0	120
280	281	0	120	0	0	120
281	282	0	80	40	0	120
282	283	0	120	0	0	120
283	284	100	0	0	0	100
284	285	100	0	0	0	100
285	286	120	0	0	0	120
286	287	0	120	0	0	120
287	288	0	60	40	0	100
288	289	80	0	40	0	120
289	290	0	120	0	0	120
290	291	0	100	0	0	100
291	292	0	80	40	0	120
292	293	80	40	0	0	120
293	294	120	0	0	0	120
294	295	80	40	0	0	120
295	296	0	20	100	0	120
296	297	80	40	0	0	120
297	298	0	120	0	0	120
298	299	20	0	80	0	100
299	300	60	60	0	0	120
300	301	20	30	0	0	50
301	302	80	40	0	0	120
302	303	120	0	0	0	120
303	304	80	0	40	0	120
304	305	20	30	50	0	100
305	306	120	0	0	0	120
306	307	120	0	0	0	120
307	308	0	0	100	0	100
308	309	0	120	0	0	120
309	310	0	40	60	0	100
310	311	50	0	50	0	100
311	312	0	100	0	0	100
312	313	0	100	0	0	100
313	314	20	30	50	0	100
314	315	40	0	80	0	120
315	316	0	100	0	0	100
316	317	120	0	0	0	120
317	318	0	100	0	0	100
318	319	60	0	40	0	100
319	320	0	120	0	0	120
320	321	0	40	60	0	100
321	322	20	30	50	0	100
322	323	40	80	0	0	120
323	324	0	120	0	0	120
324	325	0	100	0	0	100
325	326	0	0	96	0	96
326	327	100	0	0	0	100
327	328	120	0	0	0	120
328	329	32	64	0	0	96
329	330	0	120	0	0	120
330	331	0	100	0	0	100
331	332	120	0	0	0	120
332	333	0	0	120	0	120
333	334	0	0	120	0	120
334	335	0	120	0	0	120
335	336	0	100	0	0	100
336	337	40	0	60	0	100
337	338	0	0	120	0	120
338	339	60	0	60	0	120
339	340	120	0	0	0	120
340	341	0	120	0	0	120
341	342	80	40	0	0	120
342	343	0	60	40	0	100
343	344	120	0	0	0	120
344	345	0	0	100	0	100
345	346	80	0	40	0	120
346	347	120	0	0	0	120
347	348	0	40	80	0	120
348	349	40	60	0	0	100
349	350	0	0	120	0	120
350	351	60	0	60	0	120
351	352	0	0	120	0	120
352	353	0	0	120	0	120
353	354	100	0	0	0	100
354	355	0	120	0	0	120
355	356	120	0	0	0	120
356	357	40	0	60	0	100
357	358	0	120	0	0	120
358	359	32	64	0	0	96
359	360	0	120	0	0	120
360	361	60	40	0	0	100
361	362	0	40	80	0	120
362	363	50	0	50	0	100
363	364	120	0	0	0	120
364	365	50	0	50	0	100
365	366	0	0	96	0	96
366	367	120	0	0	0	120
367	368	0	40	60	0	100
368	369	60	0	40	0	100
369	370	64	0	32	0	96
370	371	10	15	25	0	50
371	372	0	120	0	0	120
372	373	0	120	0	0	120
373	374	0	64	32	0	96
374	375	120	0	0	0	120
375	376	0	40	80	0	120
376	377	0	40	80	0	120
377	378	100	20	0	0	120
378	379	60	0	60	0	120
379	380	64	32	0	0	96
380	381	120	0	0	0	120
381	382	20	30	50	0	100
382	383	20	0	80	0	100
383	384	20	0	100	0	120
384	385	100	0	0	0	100
385	386	100	0	0	0	100
386	387	80	0	0	0	80
387	388	0	40	60	0	100
388	389	0	40	80	0	120
389	390	0	120	0	0	120
390	391	0	32	64	0	96
391	392	0	100	0	0	100
392	393	0	80	40	0	120
393	394	120	0	0	0	120
394	395	120	0	0	0	120
395	396	0	50	0	0	50
396	397	120	0	0	0	120
397	398	40	0	80	0	120
398	399	120	0	0	0	120
399	400	120	0	0	0	120
400	401	80	0	40	0	120
401	402	0	60	60	0	120
402	403	120	0	0	0	120
403	404	50	50	0	0	100
404	405	40	0	80	0	120
405	406	50	0	50	0	100
406	407	120	0	0	0	120
407	408	50	50	0	0	100
408	409	0	100	0	0	100
409	410	0	0	120	0	120
410	411	20	0	100	0	120
411	412	64	32	0	0	96
412	413	0	0	120	0	120
413	414	120	0	0	0	120
414	415	40	0	80	0	120
415	416	0	50	50	0	100
416	417	40	20	60	0	120
417	418	0	120	0	0	120
418	419	60	40	0	0	100
419	420	60	20	40	0	120
420	421	120	0	0	0	120
421	422	0	100	0	0	100
422	423	60	0	40	0	100
423	424	100	0	0	0	100
424	425	96	0	0	0	96
425	426	0	40	80	0	120
426	427	40	80	0	0	120
427	428	0	0	100	0	100
428	429	0	0	100	0	100
429	430	40	0	80	0	120
430	431	120	0	0	0	120
431	432	40	0	80	0	120
432	433	0	100	0	0	100
433	434	120	0	0	0	120
434	435	100	0	0	0	100
435	436	0	120	0	0	120
436	437	0	20	80	0	100
437	438	50	30	20	0	100
438	439	120	0	0	0	120
439	440	0	80	40	0	120
440	441	40	80	0	0	120
441	442	50	0	50	0	100
442	443	40	0	80	0	120
443	444	120	0	0	0	120
444	445	40	0	80	0	120
445	446	120	0	0	0	120
446	447	40	0	60	0	100
447	448	80	40	0	0	120
448	449	0	120	0	0	120
449	450	0	0	80	0	80
450	451	0	120	0	0	120
451	452	0	100	0	0	100
452	453	0	120	0	0	120
453	454	80	40	0	0	120
454	455	0	60	60	0	120
455	456	32	48	0	0	80
456	457	0	100	0	0	100
457	458	0	120	0	0	120
458	459	0	120	0	0	120
459	460	60	0	60	0	120
460	461	0	0	100	0	100
461	462	0	80	40	0	120
462	463	0	120	0	0	120
463	464	80	40	0	0	120
464	465	0	120	0	0	120
465	466	0	20	80	0	100
466	467	0	20	80	0	100
467	468	80	0	40	0	120
468	469	120	0	0	0	120
469	470	0	120	0	0	120
470	471	0	0	120	0	120
471	472	100	0	0	0	100
472	473	80	0	40	0	120
473	474	40	0	60	0	100
474	475	80	20	0	0	100
475	476	0	120	0	0	120
476	477	100	0	0	0	100
477	478	40	80	0	0	120
478	479	0	60	40	0	100
479	480	80	20	20	0	120
480	481	0	0	120	0	120
481	482	120	0	0	0	120
482	483	0	80	40	0	120
483	484	0	40	80	0	120
484	485	0	0	120	0	120
485	486	80	0	40	0	120
486	487	0	50	50	0	100
487	488	20	0	80	0	100
488	489	0	100	0	0	100
489	490	80	0	40	0	120
490	491	40	0	80	0	120
491	492	0	40	80	0	120
492	493	0	120	0	0	120
493	494	0	100	0	0	100
494	495	0	40	80	0	120
495	496	20	30	50	0	100
496	497	20	30	50	0	100
497	498	60	0	40	0	100
498	499	60	40	0	0	100
499	500	120	0	0	0	120
500	501	120	0	0	0	120
501	502	0	0	120	0	120
502	503	0	100	0	0	100
503	504	100	0	0	0	100
504	505	120	0	0	0	120
505	506	16	24	40	0	80
506	507	120	0	0	0	120
507	508	48	0	32	0	80
508	509	0	0	100	0	100
509	510	40	0	60	0	100
510	511	0	0	100	0	100
511	512	120	0	0	0	120
512	513	120	0	0	0	120
513	514	80	40	0	0	120
514	515	120	0	0	0	120
515	516	0	40	40	0	80
516	517	40	80	0	0	120
517	518	100	0	0	0	100
518	519	0	120	0	0	120
519	520	40	0	60	0	100
520	521	0	0	120	0	120
521	522	0	40	80	0	120
522	523	0	100	0	0	100
523	524	40	60	0	0	100
524	525	120	0	0	0	120
525	526	0	0	120	0	120
526	527	0	0	120	0	120
527	528	40	0	80	0	120
528	529	60	0	60	0	120
529	530	80	40	0	0	120
530	531	0	80	40	0	120
531	532	0	0	100	0	100
532	533	0	0	100	0	100
533	534	40	80	0	0	120
534	535	120	0	0	0	120
535	536	0	40	80	0	120
536	537	40	0	80	0	120
537	538	60	60	0	0	120
538	539	100	0	0	0	100
539	540	0	120	0	0	120
540	541	0	0	120	0	120
541	542	0	0	120	0	120
542	543	0	80	40	0	120
543	544	100	0	0	0	100
544	545	0	100	0	0	100
545	546	120	0	0	0	120
546	547	0	0	120	0	120
547	548	40	80	0	0	120
548	549	120	0	0	0	120
549	550	16	32	48	0	96
550	551	30	50	20	0	100
551	552	0	0	100	0	100
552	553	0	60	60	0	120
553	554	60	40	0	0	100
554	555	40	60	0	0	100
555	556	50	0	50	0	100
556	557	60	40	0	0	100
557	558	0	120	0	0	120
558	559	60	0	40	0	100
559	560	0	120	0	0	120
560	561	80	0	40	0	120
561	562	120	0	0	0	120
562	563	0	0	100	0	100
563	564	40	0	80	0	120
564	565	0	80	0	0	80
565	566	120	0	0	0	120
566	567	40	0	80	0	120
567	568	40	0	80	0	120
568	569	40	0	60	0	100
569	570	0	0	120	0	120
570	571	100	0	0	0	100
571	572	0	120	0	0	120
572	573	0	40	80	0	120
573	574	0	80	40	0	120
574	575	0	0	100	0	100
575	576	40	20	60	0	120
576	577	0	60	40	0	100
577	578	100	0	0	0	100
578	579	60	20	40	0	120
579	580	20	40	60	0	120
580	581	0	0	100	0	100
581	582	32	64	0	0	96
582	583	0	0	120	0	120
583	584	0	100	0	0	100
584	585	0	120	0	0	120
585	586	0	100	0	0	100
586	587	0	0	120	0	120
587	588	0	100	0	0	100
588	589	30	50	20	0	100
589	590	0	30	20	0	50
590	591	120	0	0	0	120
591	592	80	40	0	0	120
592	593	100	0	0	0	100
593	594	0	0	120	0	120
594	595	120	0	0	0	120
595	596	0	0	100	0	100
596	597	0	0	120	0	120
597	598	0	0	100	0	100
598	599	20	0	80	0	100
599	600	0	60	40	0	100
600	601	0	100	0	0	100
601	602	120	0	0	0	120
602	603	0	50	50	0	100
603	604	0	0	100	0	100
604	605	100	0	0	0	100
605	606	0	0	100	0	100
606	607	0	0	100	0	100
607	608	0	120	0	0	120
608	609	0	100	0	0	100
609	610	0	0	50	0	50
610	611	0	80	40	0	120
611	612	20	40	60	0	120
612	613	120	0	0	0	120
613	614	0	120	0	0	120
614	615	80	40	0	0	120
615	616	0	0	100	0	100
616	617	0	40	80	0	120
617	618	0	120	0	0	120
618	619	0	80	40	0	120
619	620	100	0	0	0	100
620	621	0	0	120	0	120
621	622	0	0	120	0	120
622	623	80	0	40	0	120
623	624	40	80	0	0	120
624	625	40	80	0	0	120
625	626	48	0	48	0	96
626	627	120	0	0	0	120
627	628	0	120	0	0	120
628	629	70	30	0	0	100
629	630	60	0	40	0	100
630	631	40	0	80	0	120
631	632	40	80	0	0	120
632	633	60	0	60	0	120
633	634	0	40	80	0	120
634	635	0	80	40	0	120
635	636	0	120	0	0	120
636	637	0	80	40	0	120
637	638	32	64	0	0	96
638	639	50	0	50	0	100
639	640	0	60	40	0	100
640	641	120	0	0	0	120
641	642	100	0	0	0	100
642	643	0	120	0	0	120
643	644	0	0	120	0	120
644	645	0	0	100	0	100
645	646	120	0	0	0	120
646	647	120	0	0	0	120
647	648	0	60	60	0	120
648	649	0	20	100	0	120
649	650	0	120	0	0	120
650	651	120	0	0	0	120
651	652	120	0	0	0	120
652	653	0	50	50	0	100
653	654	120	0	0	0	120
654	655	40	20	60	0	120
655	656	0	0	100	0	100
656	657	80	20	20	0	120
657	658	0	40	80	0	120
658	659	40	40	0	0	80
659	660	100	0	0	0	100
660	661	120	0	0	0	120
661	662	120	0	0	0	120
662	663	120	0	0	0	120
663	664	120	0	0	0	120
664	665	0	100	0	0	100
665	666	0	40	80	0	120
666	667	30	30	40	0	100
667	668	80	0	40	0	120
668	669	40	80	0	0	120
669	670	120	0	0	0	120
670	671	0	40	80	0	120
671	672	0	0	100	0	100
672	673	0	40	80	0	120
673	674	0	0	100	0	100
674	675	0	120	0	0	120
675	676	80	40	0	0	120
676	677	40	80	0	0	120
677	678	0	40	80	0	120
678	679	30	30	40	0	100
679	680	0	20	80	0	100
680	681	40	80	0	0	120
681	682	100	0	0	0	100
682	683	0	120	0	0	120
683	684	0	120	0	0	120
684	685	80	0	40	0	120
685	686	0	0	120	0	120
686	687	20	30	50	0	100
687	688	0	120	0	0	120
688	689	40	80	0	0	120
689	690	0	40	80	0	120
690	691	0	120	0	0	120
691	692	0	60	40	0	100
692	693	40	0	80	0	120
693	694	40	80	0	0	120
694	695	0	0	120	0	120
695	696	0	48	48	0	96
696	697	0	100	0	0	100
697	698	40	0	80	0	120
698	699	60	40	0	0	100
699	700	0	40	80	0	120
700	701	0	0	100	0	100
701	702	0	100	0	0	100
702	703	0	0	120	0	120
703	704	0	120	0	0	120
704	705	0	0	120	0	120
705	706	40	0	80	0	120
706	707	0	80	40	0	120
707	708	0	80	40	0	120
708	709	96	0	0	0	96
709	710	10	0	50	0	60
710	711	80	0	40	0	120
711	712	0	100	0	0	100
712	713	0	0	120	0	120
713	714	120	0	0	0	120
714	715	80	0	40	0	120
715	716	100	0	0	0	100
716	717	60	40	0	0	100
717	718	120	0	0	0	120
718	719	0	60	60	0	120
719	720	96	0	0	0	96
720	721	0	120	0	0	120
721	722	0	120	0	0	120
722	723	40	80	0	0	120
723	724	0	100	0	0	100
724	725	0	0	100	0	100
725	726	0	120	0	0	120
726	727	0	120	0	0	120
727	728	0	0	120	0	120
728	729	40	80	0	0	120
729	730	0	0	120	0	120
730	731	0	0	120	0	120
731	732	0	100	0	0	100
732	733	0	0	120	0	120
733	734	80	40	0	0	120
734	735	40	0	60	0	100
735	736	60	0	60	0	120
736	737	40	80	0	0	120
737	738	100	0	0	0	100
738	739	0	40	80	0	120
739	740	60	0	60	0	120
740	741	0	100	0	0	100
741	742	0	120	0	0	120
742	743	0	100	0	0	100
743	744	120	0	0	0	120
744	745	50	50	0	0	100
745	746	0	0	100	0	100
746	747	0	0	120	0	120
747	748	0	120	0	0	120
748	749	80	0	40	0	120
749	750	60	0	60	0	120
750	751	50	0	50	0	100
751	752	120	0	0	0	120
752	753	0	60	40	0	100
753	754	0	0	120	0	120
754	755	120	0	0	0	120
755	756	60	0	60	0	120
756	757	0	120	0	0	120
757	758	0	120	0	0	120
758	759	0	0	120	0	120
759	760	0	120	0	0	120
760	761	120	0	0	0	120
761	762	120	0	0	0	120
762	763	50	50	0	0	100
763	764	0	0	120	0	120
764	765	0	120	0	0	120
765	766	0	60	60	0	120
766	767	0	100	0	0	100
767	768	80	0	40	0	120
768	769	0	60	60	0	120
769	770	40	0	80	0	120
770	771	0	120	0	0	120
771	772	0	0	120	0	120
772	773	40	60	0	0	100
773	774	120	0	0	0	120
774	775	0	48	48	0	96
775	776	0	120	0	0	120
776	777	0	120	0	0	120
777	778	0	120	0	0	120
778	779	120	0	0	0	120
779	780	40	80	0	0	120
780	781	50	0	50	0	100
781	782	0	100	0	0	100
782	783	80	40	0	0	120
783	784	0	120	0	0	120
784	785	100	0	0	0	100
785	786	120	0	0	0	120
786	787	60	0	60	0	120
787	788	120	0	0	0	120
788	789	0	100	0	0	100
789	790	100	0	0	0	100
790	791	60	0	60	0	120
791	792	120	0	0	0	120
792	793	0	60	60	0	120
793	794	60	0	40	0	100
794	795	0	120	0	0	120
795	796	30	30	40	0	100
796	797	0	40	60	0	100
797	798	40	60	0	0	100
798	799	40	60	0	0	100
799	800	0	0	120	0	120
800	801	40	80	0	0	120
801	802	100	0	0	0	100
802	803	80	40	0	0	120
803	804	20	30	50	0	100
804	805	0	0	100	0	100
805	806	0	60	40	0	100
806	807	100	0	0	0	100
807	808	0	80	0	0	80
808	809	0	120	0	0	120
809	810	0	100	0	0	100
810	811	120	0	0	0	120
811	812	80	20	0	0	100
812	813	120	0	0	0	120
813	814	40	0	80	0	120
814	815	20	40	60	0	120
815	816	120	0	0	0	120
816	817	100	0	0	0	100
817	818	0	60	40	0	100
818	819	0	0	120	0	120
819	820	100	0	0	0	100
820	821	100	0	0	0	100
821	822	0	80	40	0	120
822	823	0	100	0	0	100
823	824	0	120	0	0	120
824	825	0	96	0	0	96
825	826	0	100	0	0	100
826	827	120	0	0	0	120
827	828	40	0	80	0	120
828	829	50	0	50	0	100
829	830	80	40	0	0	120
830	831	120	0	0	0	120
831	832	0	120	0	0	120
832	833	0	60	40	0	100
833	834	0	60	60	0	120
834	835	0	120	0	0	120
835	836	120	0	0	0	120
836	837	0	100	0	0	100
837	838	40	60	0	0	100
838	839	100	0	0	0	100
839	840	0	0	120	0	120
840	841	60	0	60	0	120
841	842	80	40	0	0	120
842	843	0	80	40	0	120
843	844	0	0	120	0	120
844	845	0	120	0	0	120
845	846	20	0	80	0	100
846	847	0	40	60	0	100
847	848	0	120	0	0	120
848	849	0	0	120	0	120
849	850	0	60	40	0	100
850	851	80	0	40	0	120
851	852	0	0	120	0	120
852	853	120	0	0	0	120
853	854	60	40	0	0	100
854	855	0	80	40	0	120
855	856	0	120	0	0	120
856	857	30	0	70	0	100
857	858	0	0	120	0	120
858	859	0	120	0	0	120
859	860	0	40	60	0	100
860	861	0	120	0	0	120
861	862	60	20	40	0	120
862	863	0	100	0	0	100
863	864	0	120	0	0	120
864	865	50	20	30	0	100
865	866	0	0	120	0	120
866	867	100	20	0	0	120
867	868	0	50	0	0	50
868	869	80	0	20	0	100
869	870	0	100	0	0	100
870	871	100	0	0	0	100
871	872	0	120	0	0	120
872	873	0	40	80	0	120
873	874	0	0	60	0	60
874	875	40	0	60	0	100
875	876	120	0	0	0	120
876	877	48	0	48	0	96
877	878	0	0	120	0	120
878	879	0	0	120	0	120
879	880	0	120	0	0	120
880	881	80	20	0	0	100
881	882	0	120	0	0	120
882	883	50	0	50	0	100
883	884	0	40	60	0	100
884	885	120	0	0	0	120
885	886	100	0	0	0	100
886	887	60	20	20	0	100
887	888	0	0	100	0	100
888	889	0	60	60	0	120
889	890	80	0	40	0	120
890	891	60	0	40	0	100
891	892	40	0	80	0	120
892	893	0	0	120	0	120
893	894	0	40	80	0	120
894	895	80	0	40	0	120
895	896	0	0	120	0	120
896	897	0	80	40	0	120
897	898	40	60	0	0	100
898	899	0	100	0	0	100
899	900	40	0	80	0	120
900	901	50	50	0	0	100
901	902	60	0	60	0	120
902	903	40	80	0	0	120
903	904	0	120	0	0	120
904	905	80	0	40	0	120
905	906	0	0	100	0	100
906	907	40	0	80	0	120
907	908	20	50	30	0	100
908	909	0	120	0	0	120
909	910	0	0	96	0	96
910	911	0	120	0	0	120
911	912	0	80	40	0	120
912	913	0	120	0	0	120
913	914	20	20	60	0	100
914	915	0	100	0	0	100
915	916	60	40	20	0	120
916	917	0	120	0	0	120
917	918	100	0	0	0	100
918	919	80	0	40	0	120
919	920	16	0	80	0	96
920	921	40	80	0	0	120
921	922	0	60	40	0	100
922	923	0	120	0	0	120
923	924	40	0	60	0	100
924	925	80	0	40	0	120
925	926	40	0	80	0	120
926	927	100	0	20	0	120
927	928	0	0	50	0	50
928	929	0	120	0	0	120
929	930	120	0	0	0	120
930	931	0	20	100	0	120
931	932	0	30	70	0	100
932	933	20	40	60	0	120
933	934	120	0	0	0	120
934	935	60	0	40	0	100
935	936	0	96	0	0	96
936	937	0	60	40	0	100
937	938	48	0	48	0	96
938	939	0	120	0	0	120
939	940	60	0	60	0	120
940	941	0	120	0	0	120
941	942	0	120	0	0	120
942	943	0	0	100	0	100
943	944	120	0	0	0	120
944	945	40	0	80	0	120
945	946	0	40	80	0	120
946	947	0	60	60	0	120
947	948	120	0	0	0	120
948	949	60	40	20	0	120
949	950	40	80	0	0	120
950	951	40	80	0	0	120
951	952	70	0	30	0	100
952	953	0	50	50	0	100
953	954	0	60	60	0	120
954	955	80	0	0	0	80
955	956	0	100	0	0	100
956	957	0	0	120	0	120
957	958	0	100	0	0	100
958	959	0	0	120	0	120
959	960	0	120	0	0	120
960	961	0	120	0	0	120
961	962	0	30	70	0	100
962	963	80	0	40	0	120
963	964	0	60	40	0	100
964	965	120	0	0	0	120
965	966	40	80	0	0	120
966	967	120	0	0	0	120
967	968	100	0	0	0	100
968	969	100	0	0	0	100
969	970	0	120	0	0	120
970	971	0	0	120	0	120
971	972	32	0	64	0	96
972	973	80	0	40	0	120
973	974	120	0	0	0	120
974	975	100	0	0	0	100
975	976	20	20	60	0	100
976	977	0	120	0	0	120
977	978	0	120	0	0	120
978	979	120	0	0	0	120
979	980	0	120	0	0	120
980	981	120	0	0	0	120
981	982	20	40	60	0	120
982	983	0	120	0	0	120
983	984	100	0	0	0	100
984	985	120	0	0	0	120
985	986	0	0	120	0	120
986	987	0	80	0	0	80
987	988	0	0	96	0	96
988	989	60	60	0	0	120
989	990	0	0	120	0	120
990	991	40	80	0	0	120
991	992	60	60	0	0	120
992	993	0	0	96	0	96
993	994	0	100	0	0	100
994	995	120	0	0	0	120
995	996	120	0	0	0	120
996	997	120	0	0	0	120
997	998	100	0	0	0	100
998	999	0	20	100	0	120
999	1000	60	60	0	0	120
1000	1001	0	0	100	0	100
1001	1002	120	0	0	0	120
1002	1003	0	40	60	0	100
1003	1004	0	24	56	0	80
1004	1005	0	120	0	0	120
1005	1006	0	120	0	0	120
1006	1007	0	0	100	0	100
1007	1008	0	120	0	0	120
1008	1009	120	0	0	0	120
1009	1010	0	100	0	0	100
1010	1011	20	0	100	0	120
1011	1012	50	0	50	0	100
1012	1013	0	50	50	0	100
1013	1014	50	0	50	0	100
1014	1015	120	0	0	0	120
1015	1016	0	100	0	0	100
1016	1017	100	0	0	0	100
1017	1018	40	20	60	0	120
1018	1019	120	0	0	0	120
1019	1020	120	0	0	0	120
1020	1021	0	120	0	0	120
1021	1022	80	0	40	0	120
1022	1023	0	120	0	0	120
1023	1024	0	0	120	0	120
1024	1025	0	120	0	0	120
1025	1026	0	0	100	0	100
1026	1027	80	40	0	0	120
1027	1028	96	0	0	0	96
1028	1029	100	0	0	0	100
1029	1030	80	0	0	0	80
1030	1031	120	0	0	0	120
1031	1032	0	0	100	0	100
1032	1033	0	0	100	0	100
1033	1034	0	80	40	0	120
1034	1035	40	60	0	0	100
1035	1036	0	0	96	0	96
1036	1037	20	40	60	0	120
1037	1038	80	40	0	0	120
1038	1039	40	80	0	0	120
1039	1040	40	0	80	0	120
1040	1041	0	0	80	0	80
1041	1042	48	0	32	0	80
1042	1043	20	30	50	0	100
1043	1044	0	0	120	0	120
1044	1045	0	100	0	0	100
1045	1046	120	0	0	0	120
1046	1047	30	10	40	0	80
1047	1048	80	0	40	0	120
1048	1049	120	0	0	0	120
1049	1050	100	0	0	0	100
1050	1051	0	120	0	0	120
1051	1052	0	60	40	0	100
1052	1053	20	30	50	0	100
1053	1054	0	0	100	0	100
1054	1055	0	80	40	0	120
1055	1056	120	0	0	0	120
1056	1057	80	0	40	0	120
1057	1058	40	60	0	0	100
1058	1059	60	40	0	0	100
1059	1060	120	0	0	0	120
1060	1061	0	50	50	0	100
1061	1062	0	0	100	0	100
1062	1063	60	0	60	0	120
1063	1064	40	0	60	0	100
1064	1065	0	120	0	0	120
1065	1066	0	120	0	0	120
1066	1067	40	80	0	0	120
1067	1068	0	60	60	0	120
1068	1069	40	0	60	0	100
1069	1070	120	0	0	0	120
1070	1071	80	0	40	0	120
1071	1072	40	0	80	0	120
1072	1073	0	120	0	0	120
1073	1074	40	0	80	0	120
1074	1075	40	0	80	0	120
1075	1076	0	0	120	0	120
1076	1077	0	120	0	0	120
1077	1078	120	0	0	0	120
1078	1079	24	0	56	0	80
1079	1080	0	100	0	0	100
1080	1081	0	20	80	0	100
1081	1082	120	0	0	0	120
1082	1083	120	0	0	0	120
1083	1084	0	120	0	0	120
1084	1085	40	0	80	0	120
1085	1086	48	32	0	0	80
1086	1087	0	100	0	0	100
1087	1088	40	60	0	0	100
1088	1089	0	30	70	0	100
1089	1090	60	0	60	0	120
1090	1091	0	40	80	0	120
1091	1092	100	0	0	0	100
1092	1093	60	60	0	0	120
1093	1094	0	120	0	0	120
1094	1095	100	0	0	0	100
1095	1096	80	0	40	0	120
1096	1097	100	20	0	0	120
1097	1098	0	100	0	0	100
1098	1099	40	0	80	0	120
1099	1100	0	80	40	0	120
1100	1101	80	40	0	0	120
1101	1102	80	40	0	0	120
1102	1103	100	0	0	0	100
1103	1104	0	0	100	0	100
1104	1105	0	100	0	0	100
1105	1106	80	0	40	0	120
1106	1107	50	30	20	0	100
1107	1108	0	120	0	0	120
1108	1109	80	40	0	0	120
1109	1110	0	0	120	0	120
1110	1111	0	100	0	0	100
1111	1112	0	120	0	0	120
1112	1113	0	60	60	0	120
1113	1114	120	0	0	0	120
1114	1115	0	60	40	0	100
1115	1116	80	40	0	0	120
1116	1117	120	0	0	0	120
1117	1118	30	20	50	0	100
1118	1119	0	120	0	0	120
1119	1120	80	40	0	0	120
1120	1121	120	0	0	0	120
1121	1122	80	40	0	0	120
1122	1123	40	0	80	0	120
1123	1124	0	0	120	0	120
1124	1125	0	20	100	0	120
1125	1126	40	0	80	0	120
1126	1127	50	50	0	0	100
1127	1128	0	0	100	0	100
1128	1129	0	120	0	0	120
1129	1130	50	0	50	0	100
1130	1131	0	40	80	0	120
1131	1132	0	40	60	0	100
1132	1133	0	120	0	0	120
1133	1134	20	40	60	0	120
1134	1135	120	0	0	0	120
1135	1136	0	0	120	0	120
1136	1137	20	30	50	0	100
1137	1138	120	0	0	0	120
1138	1139	0	120	0	0	120
1139	1140	60	40	20	0	120
1140	1141	120	0	0	0	120
1141	1142	50	0	50	0	100
1142	1143	100	0	0	0	100
1143	1144	40	80	0	0	120
1144	1145	0	120	0	0	120
1145	1146	0	100	0	0	100
1146	1147	0	120	0	0	120
1147	1148	40	0	80	0	120
1148	1149	0	0	120	0	120
1149	1150	0	0	96	0	96
1150	1151	0	100	0	0	100
1151	1152	0	100	0	0	100
1152	1153	0	0	120	0	120
1153	1154	0	120	0	0	120
1154	1155	120	0	0	0	120
1155	1156	0	0	120	0	120
1156	1157	40	0	60	0	100
1157	1158	100	0	0	0	100
1158	1159	40	20	60	0	120
1159	1160	0	60	60	0	120
1160	1161	0	120	0	0	120
1161	1162	80	0	40	0	120
1162	1163	0	120	0	0	120
1163	1164	0	100	0	0	100
1164	1165	0	100	0	0	100
1165	1166	0	0	120	0	120
1166	1167	120	0	0	0	120
1167	1168	0	20	100	0	120
1168	1169	96	0	0	0	96
1169	1170	0	100	0	0	100
1170	1171	0	100	0	0	100
1171	1172	40	80	0	0	120
1172	1173	0	0	96	0	96
1173	1174	120	0	0	0	120
1174	1175	40	0	60	0	100
1175	1176	0	120	0	0	120
1176	1177	40	0	80	0	120
1177	1178	120	0	0	0	120
1178	1179	120	0	0	0	120
1179	1180	120	0	0	0	120
1180	1181	50	20	30	0	100
1181	1182	0	80	40	0	120
1182	1183	120	0	0	0	120
1183	1184	0	120	0	0	120
1184	1185	40	0	80	0	120
1185	1186	0	80	40	0	120
1186	1187	0	20	100	0	120
1187	1188	0	100	0	0	100
1188	1189	20	30	50	0	100
1189	1190	0	120	0	0	120
1190	1191	40	60	0	0	100
1191	1192	0	120	0	0	120
1192	1193	0	80	40	0	120
1193	1194	60	0	60	0	120
1194	1195	0	0	120	0	120
1195	1196	100	0	0	0	100
1196	1197	100	0	0	0	100
1197	1198	0	100	0	0	100
1198	1199	0	0	120	0	120
1199	1200	0	120	0	0	120
1200	1201	0	0	120	0	120
1201	1202	0	100	0	0	100
1202	1203	100	0	0	0	100
1203	1204	0	80	40	0	120
1204	1205	0	100	0	0	100
1205	1206	0	0	60	0	60
1206	1207	0	120	0	0	120
1207	1208	0	120	0	0	120
1208	1209	0	120	0	0	120
1209	1210	60	0	60	0	120
1210	1211	0	0	120	0	120
1211	1212	20	40	60	0	120
1212	1213	0	40	60	0	100
1213	1214	80	40	0	0	120
1214	1215	96	0	0	0	96
1215	1216	20	30	50	0	100
1216	1217	70	30	0	0	100
1217	1218	20	0	100	0	120
1218	1219	0	20	80	0	100
1219	1220	0	80	40	0	120
1220	1221	0	40	80	0	120
1221	1222	60	60	0	0	120
1222	1223	0	60	60	0	120
1223	1224	60	0	60	0	120
1224	1225	60	0	60	0	120
1225	1226	0	0	120	0	120
1226	1227	120	0	0	0	120
1227	1228	0	0	96	0	96
1228	1229	40	24	16	0	80
1229	1230	60	0	40	0	100
1230	1231	100	0	0	0	100
1231	1232	80	40	0	0	120
1232	1233	0	80	40	0	120
1233	1234	40	80	0	0	120
1234	1235	40	60	0	0	100
1235	1236	60	0	60	0	120
1236	1237	0	0	120	0	120
1237	1238	0	0	100	0	100
1238	1239	0	120	0	0	120
1239	1240	20	0	100	0	120
1240	1241	0	20	100	0	120
1241	1242	40	0	60	0	100
1242	1243	16	0	64	0	80
1243	1244	120	0	0	0	120
1244	1245	40	60	0	0	100
1245	1246	40	0	60	0	100
1246	1247	80	40	0	0	120
1247	1248	100	0	0	0	100
1248	1249	0	120	0	0	120
1249	1250	100	0	0	0	100
1250	1251	0	40	80	0	120
1251	1252	0	0	120	0	120
1252	1253	0	0	100	0	100
1253	1254	0	80	40	0	120
1254	1255	120	0	0	0	120
1255	1256	20	40	60	0	120
1256	1257	120	0	0	0	120
1257	1258	120	0	0	0	120
1258	1259	70	30	0	0	100
1259	1260	96	0	0	0	96
1260	1261	0	20	80	0	100
1261	1262	100	20	0	0	120
1262	1263	120	0	0	0	120
1263	1264	100	20	0	0	120
1264	1265	80	20	20	0	120
1265	1266	120	0	0	0	120
1266	1267	80	40	0	0	120
1267	1268	120	0	0	0	120
1268	1269	0	40	80	0	120
1269	1270	40	0	80	0	120
1270	1271	0	0	120	0	120
1271	1272	80	40	0	0	120
1272	1273	0	120	0	0	120
1273	1274	0	120	0	0	120
1274	1275	0	0	120	0	120
1275	1276	0	50	50	0	100
1276	1277	60	0	60	0	120
1277	1278	0	100	0	0	100
1278	1279	0	40	80	0	120
1279	1280	0	40	80	0	120
1280	1281	0	0	100	0	100
1281	1282	0	100	0	0	100
1282	1283	0	120	0	0	120
1283	1284	0	100	0	0	100
1284	1285	0	0	120	0	120
1285	1286	100	0	0	0	100
1286	1287	120	0	0	0	120
1287	1288	0	120	0	0	120
1288	1289	32	48	16	0	96
1289	1290	80	0	40	0	120
1290	1291	60	0	40	0	100
1291	1292	80	20	20	0	120
1292	1293	100	0	0	0	100
1293	1294	50	50	0	0	100
1294	1295	50	0	50	0	100
1295	1296	120	0	0	0	120
1296	1297	40	0	80	0	120
1297	1298	120	0	0	0	120
1298	1299	120	0	0	0	120
1299	1300	0	100	0	0	100
1300	1301	120	0	0	0	120
1301	1302	0	0	120	0	120
1302	1303	100	20	0	0	120
1303	1304	20	60	40	0	120
1304	1305	0	40	60	0	100
1305	1306	0	100	0	0	100
1306	1307	80	0	40	0	120
1307	1308	120	0	0	0	120
1308	1309	0	0	100	0	100
1309	1310	30	20	50	0	100
1310	1311	50	0	50	0	100
1311	1312	0	0	120	0	120
1312	1313	40	0	60	0	100
1313	1314	100	0	0	0	100
1314	1315	120	0	0	0	120
1315	1316	120	0	0	0	120
1316	1317	120	0	0	0	120
1317	1318	40	80	0	0	120
1318	1319	0	120	0	0	120
1319	1320	80	0	0	0	80
1320	1321	0	120	0	0	120
1321	1322	40	0	80	0	120
1322	1323	0	120	0	0	120
1323	1324	0	40	80	0	120
1324	1325	40	60	0	0	100
1325	1326	0	120	0	0	120
1326	1327	0	0	100	0	100
1327	1328	0	96	0	0	96
1328	1329	60	0	60	0	120
1329	1330	0	80	40	0	120
1330	1331	50	0	50	0	100
1331	1332	48	0	48	0	96
1332	1333	100	0	0	0	100
1333	1334	0	120	0	0	120
1334	1335	0	0	120	0	120
1335	1336	40	0	60	0	100
1336	1337	40	0	60	0	100
1337	1338	40	0	80	0	120
1338	1339	60	0	60	0	120
1339	1340	60	20	40	0	120
1340	1341	60	0	60	0	120
1341	1342	0	60	40	0	100
1342	1343	0	60	60	0	120
1343	1344	50	20	30	0	100
1344	1345	0	0	120	0	120
1345	1346	20	20	80	0	120
1346	1347	60	0	60	0	120
1347	1348	80	40	0	0	120
1348	1349	0	60	40	0	100
1349	1350	0	20	100	0	120
1350	1351	0	0	120	0	120
1351	1352	20	30	50	0	100
1352	1353	60	60	0	0	120
1353	1354	0	80	40	0	120
1354	1355	0	60	60	0	120
1355	1356	120	0	0	0	120
1356	1357	40	80	0	0	120
1357	1358	0	0	120	0	120
1358	1359	0	100	0	0	100
1359	1360	0	80	0	0	80
1360	1361	20	40	60	0	120
1361	1362	20	20	60	0	100
1362	1363	80	0	40	0	120
1363	1364	0	120	0	0	120
1364	1365	60	0	40	0	100
1365	1366	120	0	0	0	120
1366	1367	0	100	0	0	100
1367	1368	0	0	120	0	120
1368	1369	80	40	0	0	120
1369	1370	0	40	80	0	120
1370	1371	40	80	0	0	120
1371	1372	40	0	80	0	120
1372	1373	20	0	100	0	120
1373	1374	0	0	120	0	120
1374	1375	0	0	120	0	120
1375	1376	0	20	100	0	120
1376	1377	0	0	100	0	100
1377	1378	0	120	0	0	120
1378	1379	0	0	100	0	100
1379	1380	60	0	60	0	120
1380	1381	0	120	0	0	120
1381	1382	30	0	70	0	100
1382	1383	0	0	100	0	100
1383	1384	0	0	100	0	100
1384	1385	50	20	30	0	100
1385	1386	120	0	0	0	120
1386	1387	60	20	40	0	120
1387	1388	60	0	60	0	120
1388	1389	40	60	20	0	120
1389	1390	120	0	0	0	120
1390	1391	0	0	80	0	80
1391	1392	60	60	0	0	120
1392	1393	120	0	0	0	120
1393	1394	0	100	0	0	100
1394	1395	0	120	0	0	120
1395	1396	0	0	120	0	120
1396	1397	60	0	60	0	120
1397	1398	120	0	0	0	120
1398	1399	0	0	100	0	100
1399	1400	0	60	40	0	100
1400	1401	0	0	120	0	120
1401	1402	0	0	120	0	120
1402	1403	80	40	0	0	120
1403	1404	0	40	80	0	120
1404	1405	50	0	50	0	100
1405	1406	0	0	100	0	100
1406	1407	120	0	0	0	120
1407	1408	0	0	80	0	80
1408	1409	40	80	0	0	120
1409	1410	100	0	20	0	120
1410	1411	20	0	100	0	120
1411	1412	0	120	0	0	120
1412	1413	0	100	0	0	100
1413	1414	30	0	70	0	100
1414	1415	60	60	0	0	120
1415	1416	0	0	120	0	120
1416	1417	0	60	40	0	100
1417	1418	0	100	0	0	100
1418	1419	40	80	0	0	120
1419	1420	0	40	60	0	100
1420	1421	120	0	0	0	120
1421	1422	80	20	20	0	120
1422	1423	20	40	60	0	120
1423	1424	40	40	40	0	120
1424	1425	0	120	0	0	120
1425	1426	60	40	20	0	120
1426	1427	40	60	0	0	100
1427	1428	0	80	40	0	120
1428	1429	0	0	100	0	100
1429	1430	0	60	40	0	100
1430	1431	40	80	0	0	120
1431	1432	0	120	0	0	120
1432	1433	0	40	40	0	80
1433	1434	40	0	60	0	100
1434	1435	0	40	60	0	100
1435	1436	0	0	120	0	120
1436	1437	60	20	40	0	120
1437	1438	60	0	40	0	100
1438	1439	40	0	60	0	100
1439	1440	40	80	0	0	120
1440	1441	0	0	100	0	100
1441	1442	0	0	120	0	120
1442	1443	0	40	60	0	100
1443	1444	0	40	60	0	100
1444	1445	40	80	0	0	120
1445	1446	80	0	40	0	120
1446	1447	80	40	0	0	120
1447	1448	100	0	0	0	100
1448	1449	0	100	0	0	100
1449	1450	30	20	50	0	100
1450	1451	0	40	80	0	120
1451	1452	50	0	50	0	100
1452	1453	50	0	50	0	100
1453	1454	0	60	60	0	120
1454	1455	0	20	80	0	100
1455	1456	0	50	50	0	100
1456	1457	120	0	0	0	120
1457	1458	0	100	0	0	100
1458	1459	80	0	40	0	120
1459	1460	0	40	80	0	120
1460	1461	120	0	0	0	120
1461	1462	0	40	80	0	120
1462	1463	0	80	40	0	120
1463	1464	80	40	0	0	120
1464	1465	40	0	60	0	100
1465	1466	96	0	0	0	96
1466	1467	0	100	0	0	100
1467	1468	0	30	70	0	100
1468	1469	0	120	0	0	120
1469	1470	40	0	80	0	120
1470	1471	0	60	40	0	100
1471	1472	0	120	0	0	120
1472	1473	50	0	50	0	100
1473	1474	80	0	0	0	80
1474	1475	60	60	0	0	120
1475	1476	0	120	0	0	120
1476	1477	0	0	120	0	120
1477	1478	0	120	0	0	120
1478	1479	40	40	40	0	120
1479	1480	0	120	0	0	120
1480	1481	0	0	100	0	100
1481	1482	0	120	0	0	120
1482	1483	120	0	0	0	120
1483	1484	100	0	0	0	100
1484	1485	0	96	0	0	96
1485	1486	0	40	80	0	120
1486	1487	60	60	0	0	120
1487	1488	0	40	80	0	120
1488	1489	0	120	0	0	120
1489	1490	40	80	0	0	120
1490	1491	0	60	40	0	100
1491	1492	30	0	70	0	100
1492	1493	0	120	0	0	120
1493	1494	80	0	40	0	120
1494	1495	40	30	30	0	100
1495	1496	0	0	120	0	120
1496	1497	60	0	60	0	120
1497	1498	0	0	120	0	120
1498	1499	60	0	40	0	100
1499	1500	50	0	50	0	100
1500	1501	60	40	0	0	100
1501	1502	120	0	0	0	120
1502	1503	0	0	100	0	100
1503	1504	0	0	120	0	120
1504	1505	80	40	0	0	120
1505	1506	0	0	120	0	120
1506	1507	0	0	120	0	120
1507	1508	0	0	120	0	120
1508	1509	50	50	0	0	100
1509	1510	60	0	40	0	100
1510	1511	60	60	0	0	120
1511	1512	40	20	60	0	120
1512	1513	0	120	0	0	120
1513	1514	60	0	60	0	120
1514	1515	60	0	60	0	120
1515	1516	0	120	0	0	120
1516	1517	0	0	120	0	120
1517	1518	0	48	48	0	96
1518	1519	96	0	0	0	96
1519	1520	60	0	40	0	100
1520	1521	100	0	0	0	100
1521	1522	0	0	120	0	120
1522	1523	80	0	40	0	120
1523	1524	60	0	40	0	100
1524	1525	60	20	0	0	80
1525	1526	0	120	0	0	120
1526	1527	80	20	0	0	100
1527	1528	40	40	40	0	120
1528	1529	0	120	0	0	120
1529	1530	0	60	60	0	120
1530	1531	0	50	50	0	100
1531	1532	80	20	20	0	120
1532	1533	60	0	60	0	120
1533	1534	60	0	60	0	120
1534	1535	60	0	60	0	120
1535	1536	0	40	60	0	100
1536	1537	0	40	80	0	120
1537	1538	60	20	40	0	120
1538	1539	60	0	60	0	120
1539	1540	80	0	40	0	120
1540	1541	0	0	120	0	120
1541	1542	100	0	0	0	100
1542	1543	100	0	0	0	100
1543	1544	40	0	60	0	100
1544	1545	40	0	60	0	100
1545	1546	120	0	0	0	120
1546	1547	0	30	70	0	100
1547	1548	60	0	40	0	100
1548	1549	50	0	50	0	100
1549	1550	80	0	0	0	80
1550	1551	0	60	60	0	120
1551	1552	120	0	0	0	120
1552	1553	80	0	40	0	120
1553	1554	0	0	80	0	80
1554	1555	0	40	60	0	100
1555	1556	80	40	0	0	120
1556	1557	0	100	0	0	100
1557	1558	60	40	0	0	100
1558	1559	60	0	60	0	120
1559	1560	100	0	0	0	100
1560	1561	0	0	120	0	120
1561	1562	60	0	40	0	100
1562	1563	120	0	0	0	120
1563	1564	100	0	0	0	100
1564	1565	100	0	0	0	100
1565	1566	100	0	0	0	100
1566	1567	0	30	70	0	100
1567	1568	80	0	20	0	100
1568	1569	120	0	0	0	120
1569	1570	100	0	0	0	100
1570	1571	0	0	60	0	60
1571	1572	0	120	0	0	120
1572	1573	80	40	0	0	120
1573	1574	40	60	20	0	120
1574	1575	80	0	40	0	120
1575	1576	120	0	0	0	120
1576	1577	120	0	0	0	120
1577	1578	60	0	60	0	120
1578	1579	100	0	0	0	100
1579	1580	16	0	64	0	80
1580	1581	30	20	50	0	100
1581	1582	0	0	96	0	96
1582	1583	80	40	0	0	120
1583	1584	0	60	60	0	120
1584	1585	0	40	80	0	120
1585	1586	120	0	0	0	120
1586	1587	0	80	40	0	120
1587	1588	40	80	0	0	120
1588	1589	0	0	96	0	96
1589	1590	0	100	0	0	100
1590	1591	0	0	100	0	100
1591	1592	40	0	80	0	120
1592	1593	80	0	40	0	120
1593	1594	0	80	40	0	120
1594	1595	50	0	50	0	100
1595	1596	80	40	0	0	120
1596	1597	20	40	60	0	120
1597	1598	0	24	56	0	80
1598	1599	0	120	0	0	120
1599	1600	20	0	100	0	120
1600	1601	40	0	80	0	120
1601	1602	80	0	20	0	100
1602	1603	40	60	0	0	100
1603	1604	40	0	60	0	100
1604	1605	120	0	0	0	120
1605	1606	120	0	0	0	120
1606	1607	0	80	40	0	120
1607	1608	0	0	96	0	96
1608	1609	100	0	0	0	100
1609	1610	20	0	100	0	120
1610	1611	0	0	120	0	120
1611	1612	0	0	96	0	96
1612	1613	0	96	0	0	96
1613	1614	120	0	0	0	120
1614	1615	60	0	60	0	120
1615	1616	120	0	0	0	120
1616	1617	60	40	0	0	100
1617	1618	60	0	40	0	100
1618	1619	0	0	100	0	100
1619	1620	0	0	120	0	120
1620	1621	60	20	20	0	100
1621	1622	0	40	60	0	100
1622	1623	0	60	40	0	100
1623	1624	0	100	0	0	100
1624	1625	80	40	0	0	120
1625	1626	120	0	0	0	120
1626	1627	40	0	60	0	100
1627	1628	60	0	60	0	120
1628	1629	120	0	0	0	120
1629	1630	0	60	60	0	120
1630	1631	80	40	0	0	120
1631	1632	0	0	96	0	96
1632	1633	0	100	0	0	100
1633	1634	50	0	50	0	100
1634	1635	0	120	0	0	120
1635	1636	80	0	40	0	120
1636	1637	120	0	0	0	120
1637	1638	100	20	0	0	120
1638	1639	0	20	100	0	120
1639	1640	0	80	40	0	120
1640	1641	16	0	80	0	96
1641	1642	120	0	0	0	120
1642	1643	60	0	40	0	100
1643	1644	60	0	40	0	100
1644	1645	0	120	0	0	120
1645	1646	20	40	60	0	120
1646	1647	0	0	120	0	120
1647	1648	120	0	0	0	120
1648	1649	0	80	40	0	120
1649	1650	0	0	120	0	120
1650	1651	80	0	40	0	120
1651	1652	0	120	0	0	120
1652	1653	0	120	0	0	120
1653	1654	120	0	0	0	120
1654	1655	100	0	0	0	100
1655	1656	0	120	0	0	120
1656	1657	0	0	100	0	100
1657	1658	0	0	100	0	100
1658	1659	0	50	50	0	100
1659	1660	100	0	0	0	100
1660	1661	40	80	0	0	120
1661	1662	0	120	0	0	120
1662	1663	0	20	100	0	120
1663	1664	80	40	0	0	120
1664	1665	60	0	40	0	100
1665	1666	70	0	30	0	100
1666	1667	0	100	0	0	100
1667	1668	0	80	40	0	120
1668	1669	60	60	0	0	120
1669	1670	60	0	60	0	120
1670	1671	0	0	120	0	120
1671	1672	60	0	40	0	100
1672	1673	0	50	50	0	100
1673	1674	80	40	0	0	120
1674	1675	20	50	30	0	100
1675	1676	20	20	80	0	120
1676	1677	0	120	0	0	120
1677	1678	60	40	0	0	100
1678	1679	40	0	80	0	120
1679	1680	0	40	80	0	120
1680	1681	0	0	100	0	100
1681	1682	40	0	60	0	100
1682	1683	0	120	0	0	120
1683	1684	120	0	0	0	120
1684	1685	40	0	80	0	120
1685	1686	80	40	0	0	120
1686	1687	0	0	120	0	120
1687	1688	0	0	120	0	120
1688	1689	0	20	100	0	120
1689	1690	120	0	0	0	120
1690	1691	100	20	0	0	120
1691	1692	80	40	0	0	120
1692	1693	60	60	0	0	120
1693	1694	0	20	100	0	120
1694	1695	120	0	0	0	120
1695	1696	0	100	0	0	100
1696	1697	100	0	0	0	100
1697	1698	0	120	0	0	120
1698	1699	80	0	40	0	120
1699	1700	0	100	0	0	100
1700	1701	100	0	0	0	100
1701	1702	60	40	0	0	100
1702	1703	0	0	120	0	120
1703	1704	40	0	80	0	120
1704	1705	40	60	0	0	100
1705	1706	0	0	120	0	120
1706	1707	96	0	0	0	96
1707	1708	100	0	0	0	100
1708	1709	0	100	0	0	100
1709	1710	60	0	60	0	120
1710	1711	0	100	0	0	100
1711	1712	40	0	60	0	100
1712	1713	0	40	80	0	120
1713	1714	40	0	60	0	100
1714	1715	0	100	0	0	100
1715	1716	0	0	100	0	100
1716	1717	0	120	0	0	120
1717	1718	0	0	100	0	100
1718	1719	0	100	0	0	100
1719	1720	0	0	100	0	100
1720	1721	0	40	80	0	120
1721	1722	60	0	40	0	100
1722	1723	120	0	0	0	120
1723	1724	0	120	0	0	120
1724	1725	100	0	0	0	100
1725	1726	80	40	0	0	120
1726	1727	0	120	0	0	120
1727	1728	48	0	32	0	80
1728	1729	0	100	0	0	100
1729	1730	40	80	0	0	120
1730	1731	40	20	60	0	120
1731	1732	0	0	120	0	120
1732	1733	0	120	0	0	120
1733	1734	50	50	0	0	100
1734	1735	100	0	20	0	120
1735	1736	0	96	0	0	96
1736	1737	100	0	0	0	100
1737	1738	40	20	60	0	120
1738	1739	20	0	100	0	120
1739	1740	0	0	120	0	120
1740	1741	0	100	0	0	100
1741	1742	0	40	80	0	120
1742	1743	32	64	0	0	96
1743	1744	100	0	0	0	100
1744	1745	0	0	120	0	120
1745	1746	0	120	0	0	120
1746	1747	0	60	60	0	120
1747	1748	0	120	0	0	120
1748	1749	20	40	60	0	120
1749	1750	120	0	0	0	120
1750	1751	40	0	60	0	100
1751	1752	48	0	48	0	96
1752	1753	30	20	50	0	100
1753	1754	48	0	48	0	96
1754	1755	0	40	80	0	120
1755	1756	0	80	0	0	80
1756	1757	0	120	0	0	120
1757	1758	0	100	0	0	100
1758	1759	0	120	0	0	120
1759	1760	0	60	40	0	100
1760	1761	0	0	100	0	100
1761	1762	0	60	60	0	120
1762	1763	60	40	0	0	100
1763	1764	50	0	50	0	100
1764	1765	20	0	80	0	100
1765	1766	0	100	0	0	100
1766	1767	0	0	120	0	120
1767	1768	0	16	80	0	96
1768	1769	0	0	100	0	100
1769	1770	60	0	60	0	120
1770	1771	0	120	0	0	120
1771	1772	0	120	0	0	120
1772	1773	50	30	20	0	100
1773	1774	100	0	0	0	100
1774	1775	60	0	40	0	100
1775	1776	80	0	40	0	120
1776	1777	0	0	120	0	120
1777	1778	60	0	60	0	120
1778	1779	120	0	0	0	120
1779	1780	60	60	0	0	120
1780	1781	0	40	80	0	120
1781	1782	80	40	0	0	120
1782	1783	0	120	0	0	120
1783	1784	0	16	48	0	64
1784	1785	30	20	50	0	100
1785	1786	80	0	40	0	120
1786	1787	0	20	100	0	120
1787	1788	60	60	0	0	120
1788	1789	40	80	0	0	120
1789	1790	50	50	0	0	100
1790	1791	40	60	0	0	100
1791	1792	0	60	40	0	100
1792	1793	0	120	0	0	120
1793	1794	40	0	80	0	120
1794	1795	120	0	0	0	120
1795	1796	0	120	0	0	120
1796	1797	20	20	80	0	120
1797	1798	0	100	0	0	100
1798	1799	120	0	0	0	120
1799	1800	0	120	0	0	120
1800	1801	60	40	0	0	100
1801	1802	0	20	80	0	100
1802	1803	0	0	100	0	100
1803	1804	120	0	0	0	120
1804	1805	0	80	40	0	120
1805	1806	40	0	80	0	120
1806	1807	60	60	0	0	120
1807	1808	120	0	0	0	120
1808	1809	40	0	60	0	100
1809	1810	0	0	100	0	100
1810	1811	0	50	50	0	100
1811	1812	40	0	60	0	100
1812	1813	50	0	50	0	100
1813	1814	40	80	0	0	120
1814	1815	0	0	100	0	100
1815	1816	0	0	120	0	120
1816	1817	0	120	0	0	120
1817	1818	0	120	0	0	120
1818	1819	0	80	40	0	120
1819	1820	0	0	100	0	100
1820	1821	100	0	0	0	100
1821	1822	0	120	0	0	120
1822	1823	0	0	80	0	80
1823	1824	40	60	0	0	100
1824	1825	0	40	60	0	100
1825	1826	0	0	96	0	96
1826	1827	0	120	0	0	120
1827	1828	40	0	80	0	120
1828	1829	40	80	0	0	120
1829	1830	0	120	0	0	120
1830	1831	0	64	32	0	96
1831	1832	0	100	0	0	100
1832	1833	60	0	60	0	120
1833	1834	0	100	0	0	100
1834	1835	0	120	0	0	120
1835	1836	0	0	100	0	100
1836	1837	120	0	0	0	120
1837	1838	0	50	50	0	100
1838	1839	0	100	0	0	100
1839	1840	0	40	80	0	120
1840	1841	120	0	0	0	120
1841	1842	80	40	0	0	120
1842	1843	0	0	120	0	120
1843	1844	40	0	80	0	120
1844	1845	0	0	120	0	120
1845	1846	100	0	0	0	100
1846	1847	0	120	0	0	120
1847	1848	0	0	100	0	100
1848	1849	0	20	100	0	120
1849	1850	40	20	60	0	120
1850	1851	0	0	100	0	100
1851	1852	80	0	40	0	120
1852	1853	80	40	0	0	120
1853	1854	60	40	0	0	100
1854	1855	50	0	50	0	100
1855	1856	60	60	0	0	120
1856	1857	0	20	100	0	120
1857	1858	40	40	40	0	120
1858	1859	60	0	60	0	120
1859	1860	0	50	50	0	100
1860	1861	100	20	0	0	120
1861	1862	0	0	120	0	120
1862	1863	0	100	0	0	100
1863	1864	0	80	40	0	120
1864	1865	40	0	60	0	100
1865	1866	0	100	0	0	100
1866	1867	120	0	0	0	120
1867	1868	0	0	120	0	120
1868	1869	80	40	0	0	120
1869	1870	0	120	0	0	120
1870	1871	40	0	80	0	120
1871	1872	0	0	120	0	120
1872	1873	0	100	0	0	100
1873	1874	0	100	0	0	100
1874	1875	80	0	40	0	120
1875	1876	40	0	40	0	80
1876	1877	0	80	0	0	80
1877	1878	50	0	50	0	100
1878	1879	120	0	0	0	120
1879	1880	80	0	40	0	120
1880	1881	40	80	0	0	120
1881	1882	0	0	120	0	120
1882	1883	120	0	0	0	120
1883	1884	100	0	0	0	100
1884	1885	40	38	42	0	120
1885	1886	80	20	20	0	120
1886	1887	0	120	0	0	120
1887	1888	0	120	0	0	120
1888	1889	40	0	80	0	120
1889	1890	0	80	40	0	120
1890	1891	60	0	40	0	100
1891	1892	120	0	0	0	120
1892	1893	0	80	40	0	120
1893	1894	0	16	64	0	80
1894	1895	0	80	40	0	120
1895	1896	0	100	0	0	100
1896	1897	80	40	0	0	120
1897	1898	0	120	0	0	120
1898	1899	80	0	0	0	80
1899	1900	0	0	120	0	120
1900	1901	30	0	70	0	100
1901	1902	0	60	40	0	100
1902	1903	0	0	120	0	120
1903	1904	0	0	100	0	100
1904	1905	0	40	80	0	120
1905	1906	0	120	0	0	120
1906	1907	0	0	120	0	120
1907	1908	0	120	0	0	120
1908	1909	0	0	120	0	120
1909	1910	80	20	20	0	120
1910	1911	0	80	40	0	120
1911	1912	0	0	120	0	120
1912	1913	0	60	60	0	120
1913	1914	60	0	60	0	120
1914	1915	96	0	0	0	96
1915	1916	0	0	120	0	120
1916	1917	0	80	40	0	120
1917	1918	20	60	40	0	120
1918	1919	0	0	120	0	120
1919	1920	0	0	100	0	100
1920	1921	100	20	0	0	120
1921	1922	80	20	0	0	100
1922	1923	40	0	60	0	100
1923	1924	0	120	0	0	120
1924	1925	0	120	0	0	120
1925	1926	60	0	60	0	120
1926	1927	0	40	80	0	120
1927	1928	0	0	120	0	120
1928	1929	0	100	0	0	100
1929	1930	80	40	0	0	120
1930	1931	60	40	0	0	100
1931	1932	0	120	0	0	120
1932	1933	16	8	96	0	120
1933	1934	60	0	60	0	120
1934	1935	0	0	120	0	120
1935	1936	0	60	60	0	120
1936	1937	0	48	48	0	96
1937	1938	60	0	40	0	100
1938	1939	0	120	0	0	120
1939	1940	120	0	0	0	120
1940	1941	100	0	20	0	120
1941	1942	0	80	40	0	120
1942	1943	0	40	80	0	120
1943	1944	60	60	0	0	120
1944	1945	0	0	100	0	100
1945	1946	120	0	0	0	120
1946	1947	40	0	80	0	120
1947	1948	60	60	0	0	120
1948	1949	40	0	80	0	120
1949	1950	0	120	0	0	120
1950	1951	0	100	0	0	100
1951	1952	120	0	0	0	120
1952	1953	0	40	40	0	80
1953	1954	40	30	30	0	100
1954	1955	30	0	70	0	100
1955	1956	0	40	80	0	120
1956	1957	0	60	60	0	120
1957	1958	0	0	120	0	120
1958	1959	30	0	70	0	100
1959	1960	40	60	0	0	100
1960	1961	0	40	80	0	120
1961	1962	60	20	20	0	100
1962	1963	0	100	0	0	100
1963	1964	0	0	120	0	120
1964	1965	40	0	80	0	120
1965	1966	40	0	80	0	120
1966	1967	120	0	0	0	120
1967	1968	0	120	0	0	120
1968	1969	0	0	120	0	120
1969	1970	120	0	0	0	120
1970	1971	120	0	0	0	120
1971	1972	100	0	0	0	100
1972	1973	0	0	120	0	120
1973	1974	0	96	0	0	96
1974	1975	0	50	50	0	100
1975	1976	120	0	0	0	120
1976	1977	20	20	80	0	120
1977	1978	0	50	50	0	100
1978	1979	0	80	40	0	120
1979	1980	0	60	60	0	120
1980	1981	0	100	0	0	100
1981	1982	40	80	0	0	120
1982	1983	50	0	50	0	100
1983	1984	120	0	0	0	120
1984	1985	0	80	40	0	120
1985	1986	100	0	0	0	100
1986	1987	0	0	120	0	120
1987	1988	0	96	0	0	96
1988	1989	50	20	30	0	100
1989	1990	60	0	60	0	120
1990	1991	60	0	40	0	100
1991	1992	120	0	0	0	120
1992	1993	40	20	60	0	120
1993	1994	0	120	0	0	120
1994	1995	0	120	0	0	120
1995	1996	0	40	80	0	120
1996	1997	0	100	0	0	100
1997	1998	0	50	50	0	100
1998	1999	0	40	60	0	100
1999	2000	0	60	60	0	120
2000	2001	0	40	80	0	120
2001	2002	0	60	60	0	120
2002	2003	70	0	30	0	100
2003	2004	0	100	0	0	100
2004	2005	0	0	80	0	80
2005	2006	80	0	40	0	120
2006	2007	30	50	20	0	100
2007	2008	80	0	40	0	120
2008	2009	0	60	60	0	120
2009	2010	0	0	120	0	120
2010	2011	0	20	100	0	120
2011	2012	80	0	40	0	120
2012	2013	0	100	0	0	100
2013	2014	0	50	50	0	100
2014	2015	120	0	0	0	120
2015	2016	0	0	120	0	120
2016	2017	60	0	60	0	120
2017	2018	64	16	0	0	80
2018	2019	60	0	40	0	100
2019	2020	120	0	0	0	120
2020	2021	0	100	0	0	100
2021	2022	0	60	60	0	120
2022	2023	0	96	0	0	96
2023	2024	0	0	100	0	100
2024	2025	60	40	0	0	100
2025	2026	0	0	120	0	120
2026	2027	0	40	40	0	80
2027	2028	16	32	48	0	96
2028	2029	0	120	0	0	120
2029	2030	50	0	50	0	100
2030	2031	40	0	60	0	100
2031	2032	20	0	100	0	120
2032	2033	50	0	50	0	100
2033	2034	80	40	0	0	120
2034	2035	20	20	60	0	100
2035	2036	0	100	0	0	100
2036	2037	80	40	0	0	120
2037	2038	80	40	0	0	120
2038	2039	80	0	40	0	120
2039	2040	0	40	80	0	120
2040	2041	0	0	120	0	120
2041	2042	0	80	40	0	120
2042	2043	40	80	0	0	120
2043	2044	120	0	0	0	120
2044	2045	120	0	0	0	120
2045	2046	0	120	0	0	120
2046	2047	40	0	80	0	120
2047	2048	60	0	60	0	120
2048	2049	0	120	0	0	120
2049	2050	0	120	0	0	120
2050	2051	0	0	120	0	120
2051	2052	60	0	60	0	120
2052	2053	100	20	0	0	120
2053	2054	0	120	0	0	120
2054	2055	0	120	0	0	120
2055	2056	0	60	40	0	100
2056	2057	80	0	40	0	120
2057	2058	40	60	0	0	100
2058	2059	120	0	0	0	120
2059	2060	0	0	96	0	96
2060	2061	60	0	60	0	120
2061	2062	0	60	60	0	120
2062	2063	120	0	0	0	120
2063	2064	120	0	0	0	120
2064	2065	50	20	30	0	100
2065	2066	100	0	0	0	100
2066	2067	100	0	0	0	100
2067	2068	0	100	0	0	100
2068	2069	0	0	120	0	120
2069	2070	120	0	0	0	120
2070	2071	70	30	0	0	100
2071	2072	0	80	40	0	120
2072	2073	0	96	0	0	96
2073	2074	60	0	60	0	120
2074	2075	0	100	0	0	100
2075	2076	0	100	0	0	100
2076	2077	40	0	80	0	120
2077	2078	0	120	0	0	120
2078	2079	0	60	60	0	120
2079	2080	100	0	20	0	120
2080	2081	100	0	0	0	100
2081	2082	0	120	0	0	120
2082	2083	60	40	0	0	100
2083	2084	40	80	0	0	120
2084	2085	120	0	0	0	120
2085	2086	40	0	80	0	120
2086	2087	0	120	0	0	120
2087	2088	96	0	0	0	96
2088	2089	60	40	0	0	100
2089	2090	0	40	60	0	100
2090	2091	100	0	0	0	100
2091	2092	0	40	60	0	100
2092	2093	0	0	100	0	100
2093	2094	20	20	80	0	120
2094	2095	80	40	0	0	120
2095	2096	120	0	0	0	120
2096	2097	20	20	80	0	120
2097	2098	0	0	120	0	120
2098	2099	120	0	0	0	120
2099	2100	40	0	80	0	120
2100	2101	60	0	60	0	120
2101	2102	100	0	0	0	100
2102	2103	80	0	40	0	120
2103	2104	60	40	0	0	100
2104	2105	40	80	0	0	120
2105	2106	0	120	0	0	120
2106	2107	60	60	0	0	120
2107	2108	40	0	60	0	100
2108	2109	0	0	120	0	120
2109	2110	0	120	0	0	120
2110	2111	20	20	60	0	100
2111	2112	80	40	0	0	120
2112	2113	20	0	80	0	100
2113	2114	40	60	20	0	120
2114	2115	0	40	80	0	120
2115	2116	40	0	80	0	120
2116	2117	40	80	0	0	120
2117	2118	0	60	60	0	120
2118	2119	60	40	0	0	100
2119	2120	0	0	80	0	80
2120	2121	100	0	0	0	100
2121	2122	80	20	20	0	120
2122	2123	40	80	0	0	120
2123	2124	60	40	0	0	100
2124	2125	120	0	0	0	120
2125	2126	0	120	0	0	120
2126	2127	40	0	80	0	120
2127	2128	40	80	0	0	120
2128	2129	40	0	80	0	120
2129	2130	60	0	60	0	120
2130	2131	120	0	0	0	120
2131	2132	80	0	40	0	120
2132	2133	0	0	100	0	100
2133	2134	0	0	100	0	100
2134	2135	0	0	120	0	120
2135	2136	20	0	100	0	120
2136	2137	80	40	0	0	120
2137	2138	50	50	0	0	100
2138	2139	0	80	40	0	120
2139	2140	40	0	80	0	120
2140	2141	80	0	40	0	120
2141	2142	120	0	0	0	120
2142	2143	0	120	0	0	120
2143	2144	96	0	0	0	96
2144	2145	0	100	0	0	100
2145	2146	0	20	100	0	120
2146	2147	0	0	120	0	120
2147	2148	80	0	40	0	120
2148	2149	120	0	0	0	120
2149	2150	40	0	60	0	100
2150	2151	60	20	20	0	100
2151	2152	0	50	50	0	100
2152	2153	120	0	0	0	120
2153	2154	0	100	0	0	100
2154	2155	0	0	100	0	100
2155	2156	0	80	40	0	120
2156	2157	60	40	0	0	100
2157	2158	0	120	0	0	120
2158	2159	100	0	0	0	100
2159	2160	0	120	0	0	120
2160	2161	0	120	0	0	120
2161	2162	0	0	120	0	120
2162	2163	0	60	60	0	120
2163	2164	120	0	0	0	120
2164	2165	0	100	0	0	100
2165	2166	0	20	100	0	120
2166	2167	20	60	40	0	120
2167	2168	0	120	0	0	120
2168	2169	0	40	40	0	80
2169	2170	0	80	40	0	120
2170	2171	0	64	32	0	96
2171	2172	120	0	0	0	120
2172	2173	0	120	0	0	120
2173	2174	0	100	0	0	100
2174	2175	0	120	0	0	120
2175	2176	120	0	0	0	120
2176	2177	0	120	0	0	120
2177	2178	40	60	0	0	100
2178	2179	0	0	80	0	80
2179	2180	0	96	0	0	96
2180	2181	0	60	40	0	100
2181	2182	0	120	0	0	120
2182	2183	0	120	0	0	120
2183	2184	0	60	60	0	120
2184	2185	0	100	0	0	100
2185	2186	0	100	0	0	100
2186	2187	0	60	60	0	120
2187	2188	40	0	80	0	120
2188	2189	100	0	0	0	100
2189	2190	40	60	0	0	100
2190	2191	0	0	120	0	120
2191	2192	120	0	0	0	120
2192	2193	64	0	32	0	96
2193	2194	20	0	80	0	100
2194	2195	100	0	0	0	100
2195	2196	60	40	0	0	100
2196	2197	0	0	100	0	100
2197	2198	0	100	0	0	100
2198	2199	0	100	0	0	100
2199	2200	40	80	0	0	120
2200	2201	0	120	0	0	120
2201	2202	0	30	70	0	100
2202	2203	100	0	0	0	100
2203	2204	30	0	70	0	100
2204	2205	0	100	0	0	100
2205	2206	40	0	80	0	120
2206	2207	0	0	100	0	100
2207	2208	120	0	0	0	120
2208	2209	0	0	120	0	120
2209	2210	0	80	40	0	120
2210	2211	0	32	48	0	80
2211	2212	0	0	120	0	120
2212	2213	80	40	0	0	120
2213	2214	120	0	0	0	120
2214	2215	0	120	0	0	120
2215	2216	0	48	48	0	96
2216	2217	100	0	0	0	100
2217	2218	60	0	40	0	100
2218	2219	0	0	120	0	120
2219	2220	120	0	0	0	120
2220	2221	80	0	0	0	80
2221	2222	0	40	60	0	100
2222	2223	24	40	16	0	80
2223	2224	0	120	0	0	120
2224	2225	40	80	0	0	120
2225	2226	0	60	60	0	120
2226	2227	60	0	0	0	60
2227	2228	0	60	60	0	120
2228	2229	32	64	0	0	96
2229	2230	0	0	100	0	100
2230	2231	0	0	120	0	120
2231	2232	80	40	0	0	120
2232	2233	0	120	0	0	120
2233	2234	100	0	0	0	100
2234	2235	0	0	100	0	100
2235	2236	120	0	0	0	120
2236	2237	120	0	0	0	120
2237	2238	0	0	120	0	120
2238	2239	120	0	0	0	120
2239	2240	80	40	0	0	120
2240	2241	0	0	120	0	120
2241	2242	0	0	120	0	120
2242	2243	40	80	0	0	120
2243	2244	0	100	0	0	100
2244	2245	40	40	40	0	120
2245	2246	0	0	120	0	120
2246	2247	0	100	0	0	100
2247	2248	0	120	0	0	120
2248	2249	60	0	60	0	120
2249	2250	0	100	0	0	100
2250	2251	40	40	40	0	120
2251	2252	120	0	0	0	120
2252	2253	0	60	60	0	120
2253	2254	0	40	60	0	100
2254	2255	0	0	120	0	120
2255	2256	0	60	60	0	120
2256	2257	0	120	0	0	120
2257	2258	40	20	60	0	120
2258	2259	60	0	60	0	120
2259	2260	80	40	0	0	120
2260	2261	0	0	100	0	100
2261	2262	0	100	0	0	100
2262	2263	50	0	50	0	100
2263	2264	80	40	0	0	120
2264	2265	50	0	50	0	100
2265	2266	20	20	80	0	120
2266	2267	0	0	120	0	120
2267	2268	80	0	40	0	120
2268	2269	100	0	0	0	100
2269	2270	50	50	0	0	100
2270	2271	24	96	0	0	120
2271	2272	120	0	0	0	120
2272	2273	0	0	100	0	100
2273	2274	100	0	0	0	100
2274	2275	120	0	0	0	120
2275	2276	80	0	40	0	120
2276	2277	0	0	120	0	120
2277	2278	0	60	0	0	60
2278	2279	0	60	60	0	120
2279	2280	0	80	0	0	80
2280	2281	0	0	120	0	120
2281	2282	0	120	0	0	120
2282	2283	0	120	0	0	120
2283	2284	60	40	0	0	100
2284	2285	16	80	4	0	100
2285	2286	0	100	0	0	100
2286	2287	100	0	0	0	100
2287	2288	0	0	120	0	120
2288	2289	100	0	0	0	100
2289	2290	0	100	0	0	100
2290	2291	100	0	0	0	100
2291	2292	0	0	100	0	100
2292	2293	0	0	100	0	100
2293	2294	60	60	0	0	120
2294	2295	50	50	0	0	100
2295	2296	60	60	0	0	120
2296	2297	0	0	80	0	80
2297	2298	0	0	96	0	96
2298	2299	40	0	80	0	120
2299	2300	120	0	0	0	120
2300	2301	40	60	0	0	100
2301	2302	0	40	80	0	120
2302	2303	40	60	0	0	100
2303	2304	60	0	60	0	120
2304	2305	50	0	0	0	50
2305	2306	0	40	80	0	120
2306	2307	0	20	100	0	120
2307	2308	0	120	0	0	120
2308	2309	80	40	0	0	120
2309	2310	80	0	0	0	80
2310	2311	0	60	60	0	120
2311	2312	40	0	80	0	120
2312	2313	50	0	50	0	100
2313	2314	80	0	40	0	120
2314	2315	100	0	0	0	100
2315	2316	0	50	50	0	100
2316	2317	0	0	120	0	120
2317	2318	40	0	60	0	100
2318	2319	100	0	0	0	100
2319	2320	120	0	0	0	120
2320	2321	20	0	80	0	100
2321	2322	0	120	0	0	120
2322	2323	50	50	0	0	100
2323	2324	0	0	120	0	120
2324	2325	50	0	50	0	100
2325	2326	0	0	100	0	100
2326	2327	120	0	0	0	120
2327	2328	40	0	40	0	80
2328	2329	0	100	0	0	100
2329	2330	50	20	30	0	100
2330	2331	0	20	80	0	100
2331	2332	120	0	0	0	120
2332	2333	20	30	50	0	100
2333	2334	16	0	80	0	96
2334	2335	0	100	0	0	100
2335	2336	100	0	0	0	100
2336	2337	0	60	60	0	120
2337	2338	80	40	0	0	120
2338	2339	0	0	120	0	120
2339	2340	40	0	60	0	100
2340	2341	0	100	0	0	100
2341	2342	20	60	40	0	120
2342	2343	40	0	80	0	120
2343	2344	0	100	0	0	100
2344	2345	50	0	50	0	100
2345	2346	0	120	0	0	120
2346	2347	0	60	40	0	100
2347	2348	0	16	80	0	96
2348	2349	80	40	0	0	120
2349	2350	60	60	0	0	120
2350	2351	0	120	0	0	120
2351	2352	0	20	100	0	120
2352	2353	60	20	40	0	120
2353	2354	120	0	0	0	120
2354	2355	60	60	0	0	120
2355	2356	64	32	0	0	96
2356	2357	40	20	60	0	120
2357	2358	40	80	0	0	120
2358	2359	40	80	0	0	120
2359	2360	0	60	40	0	100
2360	2361	20	0	100	0	120
2361	2362	0	30	70	0	100
2362	2363	64	32	0	0	96
2363	2364	80	0	40	0	120
2364	2365	0	120	0	0	120
2365	2366	80	40	0	0	120
2366	2367	0	120	0	0	120
2367	2368	120	0	0	0	120
2368	2369	80	0	40	0	120
2369	2370	40	80	0	0	120
2370	2371	20	60	40	0	120
2371	2372	0	120	0	0	120
2372	2373	80	0	40	0	120
2373	2374	32	0	48	0	80
2374	2375	0	40	80	0	120
2375	2376	0	120	0	0	120
2376	2377	20	0	100	0	120
2377	2378	0	80	40	0	120
2378	2379	0	0	120	0	120
2379	2380	50	0	50	0	100
2380	2381	0	120	0	0	120
2381	2382	0	120	0	0	120
2382	2383	0	100	0	0	100
2383	2384	60	0	60	0	120
2384	2385	120	0	0	0	120
2385	2386	0	0	100	0	100
2386	2387	40	20	60	0	120
2387	2388	60	0	40	0	100
2388	2389	80	0	40	0	120
2389	2390	20	0	100	0	120
2390	2391	100	0	0	0	100
2391	2392	32	24	64	0	120
2392	2393	120	0	0	0	120
2393	2394	60	40	0	0	100
2394	2395	60	40	0	0	100
2395	2396	40	30	30	0	100
2396	2397	0	40	80	0	120
2397	2398	20	0	100	0	120
2398	2399	0	60	0	0	60
2399	2400	0	0	120	0	120
2400	2401	0	0	120	0	120
2401	2402	0	0	120	0	120
2402	2403	120	0	0	0	120
2403	2404	60	40	0	0	100
2404	2405	0	100	0	0	100
2405	2406	120	0	0	0	120
2406	2407	0	0	100	0	100
2407	2408	0	0	100	0	100
2408	2409	80	20	20	0	120
2409	2410	0	40	80	0	120
2410	2411	120	0	0	0	120
2411	2412	40	80	0	0	120
2412	2413	50	30	20	0	100
2413	2414	0	0	100	0	100
2414	2415	60	0	0	0	60
2415	2416	0	120	0	0	120
2416	2417	80	40	0	0	120
2417	2418	60	40	0	0	100
2418	2419	100	0	0	0	100
2419	2420	80	0	40	0	120
2420	2421	0	120	0	0	120
2421	2422	0	0	120	0	120
2422	2423	0	120	0	0	120
2423	2424	100	0	0	0	100
2424	2425	0	60	60	0	120
2425	2426	60	60	0	0	120
2426	2427	40	0	80	0	120
2427	2428	60	0	60	0	120
2428	2429	0	120	0	0	120
2429	2430	0	40	40	0	80
2430	2431	80	40	0	0	120
2431	2432	0	100	0	0	100
2432	2433	80	40	0	0	120
2433	2434	60	0	60	0	120
2434	2435	0	50	50	0	100
2435	2436	0	100	0	0	100
2436	2437	80	0	20	0	100
2437	2438	0	40	80	0	120
2438	2439	120	0	0	0	120
2439	2440	60	0	60	0	120
2440	2441	120	0	0	0	120
2441	2442	80	0	0	0	80
2442	2443	120	0	0	0	120
2443	2444	80	0	40	0	120
2444	2445	0	60	60	0	120
2445	2446	20	40	60	0	120
2446	2447	0	120	0	0	120
2447	2448	0	0	96	0	96
2448	2449	20	0	100	0	120
2449	2450	50	0	50	0	100
2450	2451	0	120	0	0	120
2451	2452	0	0	100	0	100
2452	2453	0	0	120	0	120
2453	2454	8	80	12	0	100
2454	2455	20	0	100	0	120
2455	2456	120	0	0	0	120
2456	2457	120	0	0	0	120
2457	2458	0	30	30	0	60
2458	2459	96	0	0	0	96
2459	2460	48	0	48	0	96
2460	2461	0	50	50	0	100
2461	2462	0	60	60	0	120
2462	2463	0	120	0	0	120
2463	2464	0	60	40	0	100
2464	2465	0	40	80	0	120
2465	2466	0	120	0	0	120
2466	2467	60	0	60	0	120
2467	2468	0	120	0	0	120
2468	2469	0	40	80	0	120
2469	2470	120	0	0	0	120
2470	2471	0	120	0	0	120
2471	2472	0	40	80	0	120
2472	2473	0	100	0	0	100
2473	2474	100	0	0	0	100
2474	2475	0	120	0	0	120
2475	2476	120	0	0	0	120
2476	2477	120	0	0	0	120
2477	2478	60	60	0	0	120
2478	2479	60	0	60	0	120
2479	2480	60	40	0	0	100
2480	2481	80	40	0	0	120
2481	2482	60	40	0	0	100
2482	2483	0	100	0	0	100
2483	2484	48	32	16	0	96
2484	2485	40	80	0	0	120
2485	2486	0	60	40	0	100
2486	2487	0	100	0	0	100
2487	2488	64	32	0	0	96
2488	2489	0	30	70	0	100
2489	2490	80	0	40	0	120
2490	2491	80	40	0	0	120
2491	2492	40	80	0	0	120
2492	2493	0	100	0	0	100
2493	2494	0	120	0	0	120
2494	2495	120	0	0	0	120
2495	2496	0	60	40	0	100
2496	2497	0	80	40	0	120
2497	2498	40	20	60	0	120
2498	2499	0	0	120	0	120
2499	2500	60	60	0	0	120
2500	2501	0	0	120	0	120
2501	2502	100	0	0	0	100
2502	2503	120	0	0	0	120
2503	2504	0	100	0	0	100
2504	2505	50	50	0	0	100
2505	2506	80	0	40	0	120
2506	2507	20	0	80	0	100
2507	2508	0	80	40	0	120
2508	2509	40	60	0	0	100
2509	2510	100	0	0	0	100
2510	2511	20	60	40	0	120
2511	2512	0	0	120	0	120
2512	2513	0	0	120	0	120
2513	2514	0	0	120	0	120
2514	2515	100	0	0	0	100
2515	2516	40	60	0	0	100
2516	2517	0	40	80	0	120
2517	2518	40	0	80	0	120
2518	2519	0	60	40	0	100
2519	2520	20	50	30	0	100
2520	2521	40	0	80	0	120
2521	2522	0	0	100	0	100
2522	2523	40	0	80	0	120
2523	2524	120	0	0	0	120
2524	2525	0	0	100	0	100
2525	2526	0	80	0	0	80
2526	2527	0	80	0	0	80
2527	2528	40	80	0	0	120
2528	2529	40	0	80	0	120
2529	2530	0	120	0	0	120
2530	2531	0	40	80	0	120
2531	2532	8	24	32	0	64
2532	2533	0	100	0	0	100
2533	2534	0	40	80	0	120
2534	2535	50	0	50	0	100
2535	2536	0	0	80	0	80
2536	2537	100	0	0	0	100
2537	2538	0	60	60	0	120
2538	2539	100	0	0	0	100
2539	2540	80	40	0	0	120
2540	2541	0	40	60	0	100
2541	2542	50	0	50	0	100
2542	2543	60	40	0	0	100
2543	2544	120	0	0	0	120
2544	2545	60	60	0	0	120
2545	2546	0	100	0	0	100
2546	2547	0	0	100	0	100
2547	2548	100	0	0	0	100
2548	2549	60	60	0	0	120
2549	2550	80	0	40	0	120
2550	2551	70	0	30	0	100
2551	2552	40	80	0	0	120
2552	2553	0	50	50	0	100
2553	2554	0	120	0	0	120
2554	2555	40	0	80	0	120
2555	2556	16	32	48	0	96
2556	2557	0	0	120	0	120
2557	2558	40	0	80	0	120
2558	2559	0	120	0	0	120
2559	2560	40	20	60	0	120
2560	2561	0	0	80	0	80
2561	2562	50	30	20	0	100
2562	2563	30	20	50	0	100
2563	2564	80	40	0	0	120
2564	2565	0	20	100	0	120
2565	2566	0	100	0	0	100
2566	2567	100	0	0	0	100
2567	2568	0	120	0	0	120
2568	2569	0	60	40	0	100
2569	2570	0	0	100	0	100
2570	2571	100	0	0	0	100
2571	2572	0	120	0	0	120
2572	2573	50	20	30	0	100
2573	2574	0	60	60	0	120
2574	2575	64	0	16	0	80
2575	2576	80	0	40	0	120
2576	2577	0	0	100	0	100
2577	2578	60	60	0	0	120
2578	2579	20	20	80	0	120
2579	2580	120	0	0	0	120
2580	2581	60	0	60	0	120
2581	2582	60	0	40	0	100
2582	2583	0	0	120	0	120
2583	2584	60	40	20	0	120
2584	2585	100	0	0	0	100
2585	2586	40	0	60	0	100
2586	2587	0	0	120	0	120
2587	2588	0	120	0	0	120
2588	2589	0	0	96	0	96
2589	2590	0	0	120	0	120
2590	2591	20	60	40	0	120
2591	2592	60	20	40	0	120
2592	2593	0	120	0	0	120
2593	2594	0	120	0	0	120
2594	2595	60	0	60	0	120
2595	2596	40	80	0	0	120
2596	2597	0	16	64	0	80
2597	2598	120	0	0	0	120
2598	2599	80	0	20	0	100
2599	2600	60	0	60	0	120
2600	2601	0	120	0	0	120
2601	2602	0	120	0	0	120
2602	2603	0	40	40	0	80
2603	2604	0	50	50	0	100
2604	2605	0	20	80	0	100
2605	2606	60	0	40	0	100
2606	2607	120	0	0	0	120
2607	2608	0	120	0	0	120
2608	2609	0	0	120	0	120
2609	2610	120	0	0	0	120
2610	2611	0	120	0	0	120
2611	2612	40	30	30	0	100
2612	2613	20	40	60	0	120
2613	2614	0	0	120	0	120
2614	2615	0	0	120	0	120
2615	2616	0	48	48	0	96
2616	2617	60	40	0	0	100
2617	2618	0	120	0	0	120
2618	2619	0	60	20	0	80
2619	2620	40	60	0	0	100
2620	2621	24	0	56	0	80
2621	2622	60	60	0	0	120
2622	2623	0	0	120	0	120
2623	2624	120	0	0	0	120
2624	2625	0	0	120	0	120
2625	2626	40	0	40	0	80
2626	2627	0	120	0	0	120
2627	2628	50	50	0	0	100
2628	2629	96	0	0	0	96
2629	2630	0	100	0	0	100
2630	2631	40	0	80	0	120
2631	2632	60	40	20	0	120
2632	2633	0	60	40	0	100
2633	2634	0	0	100	0	100
2634	2635	0	120	0	0	120
2635	2636	40	40	0	0	80
2636	2637	0	0	120	0	120
2637	2638	120	0	0	0	120
2638	2639	0	120	0	0	120
2639	2640	40	20	60	0	120
2640	2641	0	0	100	0	100
2641	2642	0	80	40	0	120
2642	2643	120	0	0	0	120
2643	2644	0	50	50	0	100
2644	2645	0	20	80	0	100
2645	2646	20	50	30	0	100
2646	2647	0	0	64	0	64
2647	2648	0	48	48	0	96
2648	2649	0	0	96	0	96
2649	2650	0	0	120	0	120
2650	2651	0	50	50	0	100
2651	2652	10	25	15	0	50
2652	2653	0	120	0	0	120
2653	2654	0	120	0	0	120
2654	2655	60	20	20	0	100
2655	2656	0	60	0	0	60
2656	2657	40	20	60	0	120
2657	2658	40	0	80	0	120
2658	2659	70	30	0	0	100
2659	2660	80	0	40	0	120
2660	2661	20	40	60	0	120
2661	2662	0	0	120	0	120
2662	2663	50	0	50	0	100
2663	2664	20	50	30	0	100
2664	2665	0	120	0	0	120
2665	2666	40	40	40	0	120
2666	2667	0	0	100	0	100
2667	2668	60	0	60	0	120
2668	2669	120	0	0	0	120
2669	2670	0	120	0	0	120
2670	2671	0	0	120	0	120
2671	2672	50	0	50	0	100
2672	2673	0	120	0	0	120
2673	2674	20	30	0	0	50
2674	2675	0	30	70	0	100
2675	2676	0	100	0	0	100
2676	2677	0	20	100	0	120
2677	2678	0	96	0	0	96
2678	2679	100	20	0	0	120
2679	2680	0	60	0	0	60
2680	2681	40	0	80	0	120
2681	2682	32	0	64	0	96
2682	2683	40	80	0	0	120
2683	2684	40	40	0	0	80
2684	2685	0	80	40	0	120
2685	2686	40	80	0	0	120
2686	2687	40	20	60	0	120
2687	2688	60	0	60	0	120
2688	2689	40	80	0	0	120
2689	2690	20	40	60	0	120
2690	2691	120	0	0	0	120
2691	2692	32	0	64	0	96
2692	2693	0	0	96	0	96
2693	2694	0	120	0	0	120
2694	2695	60	60	0	0	120
2695	2696	120	0	0	0	120
2696	2697	120	0	0	0	120
2697	2698	70	30	0	0	100
2698	2699	60	60	0	0	120
2699	2700	120	0	0	0	120
2700	2701	0	120	0	0	120
2701	2702	20	0	100	0	120
2702	2703	0	60	60	0	120
2703	2704	40	0	80	0	120
2704	2705	0	80	40	0	120
2705	2706	20	40	60	0	120
2706	2707	80	40	0	0	120
2707	2708	120	0	0	0	120
2708	2709	0	96	0	0	96
2709	2710	40	0	80	0	120
2710	2711	0	100	0	0	100
2711	2712	0	60	60	0	120
2712	2713	60	0	60	0	120
2713	2714	20	30	50	0	100
2714	2715	0	120	0	0	120
2715	2716	0	120	0	0	120
2716	2717	0	60	60	0	120
2717	2718	0	60	60	0	120
2718	2719	0	60	40	0	100
2719	2720	40	80	0	0	120
2720	2721	0	0	120	0	120
2721	2722	80	0	40	0	120
2722	2723	50	50	0	0	100
2723	2724	32	64	0	0	96
2724	2725	60	60	0	0	120
2725	2726	0	60	60	0	120
2726	2727	0	100	0	0	100
2727	2728	60	40	20	0	120
2728	2729	0	120	0	0	120
2729	2730	80	40	0	0	120
2730	2731	60	20	40	0	120
2731	2732	0	40	80	0	120
2732	2733	60	0	60	0	120
2733	2734	40	40	40	0	120
2734	2735	0	120	0	0	120
2735	2736	100	0	0	0	100
2736	2737	40	80	0	0	120
2737	2738	0	96	0	0	96
2738	2739	20	60	40	0	120
2739	2740	40	0	80	0	120
2740	2741	60	0	60	0	120
2741	2742	100	0	0	0	100
2742	2743	0	120	0	0	120
2743	2744	0	0	96	0	96
2744	2745	20	40	60	0	120
2745	2746	40	0	80	0	120
2746	2747	0	120	0	0	120
2747	2748	0	100	0	0	100
2748	2749	0	64	32	0	96
2749	2750	0	0	100	0	100
2750	2751	100	0	0	0	100
2751	2752	120	0	0	0	120
2752	2753	100	0	0	0	100
2753	2754	0	0	100	0	100
2754	2755	0	48	32	0	80
2755	2756	0	60	40	0	100
2756	2757	40	80	0	0	120
2757	2758	0	100	0	0	100
2758	2759	0	100	0	0	100
2759	2760	100	0	0	0	100
2760	2761	32	64	0	0	96
2761	2762	120	0	0	0	120
2762	2763	120	0	0	0	120
2763	2764	60	40	0	0	100
2764	2765	40	0	80	0	120
2765	2766	0	100	0	0	100
2766	2767	0	0	96	0	96
2767	2768	20	30	50	0	100
2768	2769	0	100	0	0	100
2769	2770	0	100	0	0	100
2770	2771	100	0	0	0	100
2771	2772	20	20	60	0	100
2772	2773	0	0	120	0	120
2773	2774	0	0	100	0	100
2774	2775	0	0	100	0	100
2775	2776	80	40	0	0	120
2776	2777	50	0	50	0	100
2777	2778	40	0	60	0	100
2778	2779	40	0	80	0	120
2779	2780	100	0	20	0	120
2780	2781	60	60	0	0	120
2781	2782	18	24	38	0	80
2782	2783	0	120	0	0	120
2783	2784	0	120	0	0	120
2784	2785	80	0	40	0	120
2785	2786	0	100	0	0	100
2786	2787	0	100	0	0	100
2787	2788	0	80	0	0	80
2788	2789	100	0	0	0	100
2789	2790	120	0	0	0	120
2790	2791	100	0	20	0	120
2791	2792	0	80	40	0	120
2792	2793	20	60	40	0	120
2793	2794	0	0	120	0	120
2794	2795	40	0	40	0	80
2795	2796	60	20	20	0	100
2796	2797	0	0	120	0	120
2797	2798	0	100	0	0	100
2798	2799	60	0	60	0	120
2799	2800	0	0	120	0	120
2800	2801	120	0	0	0	120
2801	2802	80	40	0	0	120
2802	2803	80	40	0	0	120
2803	2804	40	0	80	0	120
2804	2805	0	60	60	0	120
2805	2806	0	80	0	0	80
2806	2807	0	40	80	0	120
2807	2808	0	0	100	0	100
2808	2809	120	0	0	0	120
2809	2810	0	0	120	0	120
2810	2811	0	50	50	0	100
2811	2812	60	0	60	0	120
2812	2813	0	120	0	0	120
2813	2814	0	60	40	0	100
2814	2815	0	60	60	0	120
2815	2816	20	60	40	0	120
2816	2817	30	50	20	0	100
2817	2818	0	120	0	0	120
2818	2819	0	48	48	0	96
2819	2820	100	0	0	0	100
2820	2821	0	60	60	0	120
2821	2822	0	120	0	0	120
2822	2823	60	0	60	0	120
2823	2824	0	40	60	0	100
2824	2825	0	40	80	0	120
2825	2826	100	20	0	0	120
2826	2827	0	40	80	0	120
2827	2828	0	0	120	0	120
2828	2829	0	50	50	0	100
2829	2830	0	0	120	0	120
2830	2831	100	0	0	0	100
2831	2832	0	100	0	0	100
2832	2833	60	60	0	0	120
2833	2834	0	120	0	0	120
2834	2835	0	0	120	0	120
2835	2836	100	0	0	0	100
2836	2837	120	0	0	0	120
2837	2838	48	48	0	0	96
2838	2839	0	40	40	0	80
2839	2840	0	120	0	0	120
2840	2841	0	120	0	0	120
2841	2842	0	20	100	0	120
2842	2843	96	0	0	0	96
2843	2844	20	50	30	0	100
2844	2845	16	24	40	0	80
2845	2846	120	0	0	0	120
2846	2847	50	0	50	0	100
2847	2848	120	0	0	0	120
2848	2849	60	0	60	0	120
2849	2850	40	0	80	0	120
2850	2851	40	0	60	0	100
2851	2852	20	20	60	0	100
2852	2853	80	20	0	0	100
2853	2854	0	20	100	0	120
2854	2855	0	0	120	0	120
2855	2856	0	40	60	0	100
2856	2857	0	50	50	0	100
2857	2858	120	0	0	0	120
2858	2859	32	0	64	0	96
2859	2860	40	0	80	0	120
2860	2861	0	0	120	0	120
2861	2862	16	48	0	0	64
2862	2863	60	0	60	0	120
2863	2864	8	48	64	0	120
2864	2865	60	40	20	0	120
2865	2866	30	50	20	0	100
2866	2867	80	40	0	0	120
2867	2868	0	120	0	0	120
2868	2869	100	20	0	0	120
2869	2870	0	0	120	0	120
2870	2871	60	0	60	0	120
2871	2872	0	0	120	0	120
2872	2873	40	60	0	0	100
2873	2874	60	0	40	0	100
2874	2875	0	120	0	0	120
2875	2876	0	0	120	0	120
2876	2877	0	100	0	0	100
2877	2878	80	40	0	0	120
2878	2879	120	0	0	0	120
2879	2880	40	0	80	0	120
2880	2881	60	60	0	0	120
2881	2882	70	0	30	0	100
2882	2883	80	0	40	0	120
2883	2884	0	40	80	0	120
2884	2885	40	80	0	0	120
2885	2886	100	0	0	0	100
2886	2887	0	40	40	0	80
2887	2888	60	0	60	0	120
2888	2889	0	80	40	0	120
2889	2890	0	50	50	0	100
2890	2891	30	50	20	0	100
2891	2892	64	16	0	0	80
2892	2893	0	100	0	0	100
2893	2894	96	0	0	0	96
2894	2895	60	40	0	0	100
2895	2896	0	80	0	0	80
2896	2897	40	20	60	0	120
2897	2898	96	0	0	0	96
2898	2899	0	100	0	0	100
2899	2900	0	32	64	0	96
2900	2901	0	60	60	0	120
2901	2902	0	120	0	0	120
2902	2903	0	40	60	0	100
2903	2904	0	80	40	0	120
2904	2905	40	38	42	0	120
2905	2906	0	0	120	0	120
2906	2907	0	50	50	0	100
2907	2908	40	0	60	0	100
2908	2909	0	0	120	0	120
2909	2910	40	0	80	0	120
2910	2911	0	0	120	0	120
2911	2912	120	0	0	0	120
2912	2913	20	0	100	0	120
2913	2914	70	30	0	0	100
2914	2915	40	20	20	0	80
2915	2916	30	0	70	0	100
2916	2917	80	0	40	0	120
2917	2918	80	0	0	0	80
2918	2919	40	0	60	0	100
2919	2920	80	0	40	0	120
2920	2921	40	80	0	0	120
2921	2922	100	0	0	0	100
2922	2923	0	100	0	0	100
2923	2924	32	64	0	0	96
2924	2925	0	100	0	0	100
2925	2926	40	80	0	0	120
2926	2927	40	0	80	0	120
2927	2928	20	50	30	0	100
2928	2929	0	0	100	0	100
2929	2930	0	0	120	0	120
2930	2931	60	20	40	0	120
2931	2932	20	60	40	0	120
2932	2933	0	100	0	0	100
2933	2934	10	20	30	0	60
2934	2935	20	0	100	0	120
2935	2936	40	40	40	0	120
2936	2937	10	15	25	0	50
2937	2938	0	96	0	0	96
2938	2939	40	0	80	0	120
2939	2940	40	40	40	0	120
2940	2941	80	0	40	0	120
2941	2942	0	120	0	0	120
2942	2943	20	50	30	0	100
2943	2944	0	96	0	0	96
2944	2945	0	0	100	0	100
2945	2946	0	0	120	0	120
2946	2947	0	50	50	0	100
2947	2948	0	120	0	0	120
2948	2949	0	0	120	0	120
2949	2950	0	60	60	0	120
2950	2951	0	16	80	0	96
2951	2952	80	40	0	0	120
2952	2953	0	100	0	0	100
2953	2954	40	20	60	0	120
2954	2955	100	0	0	0	100
2955	2956	40	40	40	0	120
2956	2957	32	0	64	0	96
2957	2958	0	120	0	0	120
2958	2959	0	120	0	0	120
2959	2960	20	40	60	0	120
2960	2961	30	30	40	0	100
2961	2962	0	0	100	0	100
2962	2963	60	60	0	0	120
2963	2964	0	40	80	0	120
2964	2965	50	50	0	0	100
2965	2966	60	60	0	0	120
2966	2967	0	120	0	0	120
2967	2968	16	0	64	0	80
2968	2969	100	0	0	0	100
2969	2970	100	0	20	0	120
2970	2971	60	60	0	0	120
2971	2972	0	48	48	0	96
2972	2973	48	48	0	0	96
2973	2974	40	80	0	0	120
2974	2975	80	0	20	0	100
2975	2976	64	16	40	0	120
2976	2977	0	64	32	0	96
2977	2978	40	16	64	0	120
2978	2979	0	60	60	0	120
2979	2980	80	0	20	0	100
2980	2981	0	120	0	0	120
2981	2982	0	100	0	0	100
2982	2983	80	0	40	0	120
2983	2984	0	120	0	0	120
2984	2985	0	120	0	0	120
2985	2986	0	60	60	0	120
2986	2987	0	120	0	0	120
2987	2988	60	20	40	0	120
2988	2989	20	20	80	0	120
2989	2990	0	0	120	0	120
2990	2991	50	0	50	0	100
2991	2992	0	0	100	0	100
2992	2993	0	32	64	0	96
2993	2994	0	0	120	0	120
2994	2995	30	20	50	0	100
2995	2996	50	30	20	0	100
2996	2997	0	100	0	0	100
2997	2998	0	32	64	0	96
2998	2999	0	0	120	0	120
2999	3000	0	120	0	0	120
3000	3001	60	0	60	0	120
3001	3002	40	80	0	0	120
3002	3003	0	120	0	0	120
3003	3004	60	0	60	0	120
3004	3005	40	0	80	0	120
3005	3006	0	50	50	0	100
3006	3007	60	0	40	0	100
3007	3008	60	60	0	0	120
3008	3009	0	0	100	0	100
3009	3010	0	0	120	0	120
3010	3011	100	0	0	0	100
3011	3012	20	30	50	0	100
3012	3013	60	0	60	0	120
3013	3014	0	0	120	0	120
3014	3015	20	20	80	0	120
3015	3016	0	50	50	0	100
3016	3017	100	0	0	0	100
3017	3018	64	0	32	0	96
3018	3019	80	20	20	0	120
3019	3020	76	34	10	0	120
3020	3021	0	32	64	0	96
3021	3022	0	60	60	0	120
3022	3023	20	30	50	0	100
3023	3024	16	24	40	0	80
3024	3025	0	120	0	0	120
3025	3026	30	50	20	0	100
3026	3027	0	0	120	0	120
3027	3028	80	20	0	0	100
3028	3029	60	40	0	0	100
3029	3030	0	0	120	0	120
3030	3031	0	80	40	0	120
3031	3032	64	0	32	0	96
3032	3033	50	0	50	0	100
3033	3034	60	0	60	0	120
3034	3035	40	20	20	0	80
3035	3036	0	60	60	0	120
3036	3037	80	0	40	0	120
3037	3038	20	0	100	0	120
3038	3039	60	60	0	0	120
3039	3040	0	120	0	0	120
3040	3041	60	40	0	0	100
3041	3042	60	60	0	0	120
3042	3043	120	0	0	0	120
3043	3044	64	32	24	0	120
3044	3045	40	0	80	0	120
3045	3046	20	0	100	0	120
3046	3047	64	16	16	0	96
3047	3048	30	50	20	0	100
3048	3049	60	0	60	0	120
3049	3050	100	0	0	0	100
3050	3051	24	48	24	0	96
3051	3052	0	0	120	0	120
3052	3053	50	6	44	0	100
3053	3054	0	50	50	0	100
3054	3055	50	0	50	0	100
3055	3056	0	50	50	0	100
3056	3057	0	50	50	0	100
3057	3058	20	0	100	0	120
3058	3059	0	60	60	0	120
3059	3060	60	0	60	0	120
3060	3061	0	50	50	0	100
3061	3062	0	50	50	0	100
3062	3063	36	0	44	0	80
3063	3064	0	50	50	0	100
3064	3065	16	0	80	0	96
3065	3066	60	0	60	0	120
3066	3067	0	60	60	0	120
3067	3068	64	12	44	0	120
3068	3069	30	0	30	0	60
3069	3070	0	50	50	0	100
3070	3071	0	60	60	0	120
3071	3072	0	0	100	0	100
3072	3073	20	0	100	0	120
3073	3074	60	0	60	0	120
3074	3075	40	20	60	0	120
3075	3076	20	0	100	0	120
3076	3077	60	0	60	0	120
3077	3078	20	0	100	0	120
3078	3079	0	96	24	0	120
3079	3080	0	0	60	0	60
3080	3081	50	0	50	0	100
3081	3082	0	0	100	0	100
3082	3083	60	0	60	0	120
3083	3084	80	10	10	0	100
3084	3085	0	0	120	0	120
3085	3086	0	60	60	0	120
3086	3087	0	0	120	0	120
3087	3088	30	0	70	0	100
3088	3089	60	0	60	0	120
3089	3090	20	30	50	0	100
3090	3091	64	44	12	0	120
3091	3092	20	0	80	0	100
3092	3093	0	50	50	0	100
3093	3094	0	60	60	0	120
3094	3095	0	24	56	0	80
3095	3096	0	16	44	0	60
3096	3097	50	0	50	0	100
3097	3098	40	0	80	0	120
3098	3099	50	0	50	0	100
3099	3100	8	72	16	0	96
3100	3101	36	0	84	0	120
3101	3102	60	0	60	0	120
3102	3103	4	104	12	0	120
3103	3104	0	60	60	0	120
3104	3105	0	20	60	0	80
3105	3106	0	0	60	0	60
3106	3107	20	0	100	0	120
3107	3108	0	0	120	0	120
3108	3109	0	60	60	0	120
3109	3110	0	0	120	0	120
3110	3111	0	0	100	0	100
3111	3112	22	28	50	0	100
3112	3113	64	44	12	0	120
3113	3114	0	0	80	0	80
3114	3115	48	36	12	0	96
3115	3116	0	20	100	0	120
3116	3117	15	0	35	0	50
3117	3118	0	0	100	0	100
3118	3119	40	0	80	0	120
3119	3120	0	30	30	0	60
3120	3121	50	0	50	0	100
3121	3122	0	0	100	0	100
3122	3123	20	0	80	0	100
3123	3124	4	50	6	0	60
3124	3125	8	32	80	0	120
3125	3126	32	0	88	0	120
3126	3127	0	20	100	0	120
3127	3128	28	24	28	0	80
3128	3129	60	0	60	0	120
3129	3130	30	0	70	0	100
3130	3131	0	60	60	0	120
3131	3132	60	0	60	0	120
3132	3133	0	0	60	0	60
3133	3134	20	0	100	0	120
3134	3135	0	60	60	0	120
3135	3136	20	46	34	0	100
3136	3137	0	60	60	0	120
3137	3138	60	0	60	0	120
3138	3139	0	0	100	0	100
3139	3140	0	60	60	0	120
3140	3141	0	30	30	0	60
3141	3142	20	40	60	0	120
3142	3143	40	50	10	0	100
3143	3144	15	0	35	0	50
3144	3145	0	50	50	0	100
3145	3146	60	0	60	0	120
3146	3147	16	0	80	0	96
3147	3148	25	0	25	0	50
3148	3149	90	0	10	0	100
3149	3150	0	60	60	0	120
3150	3151	20	16	84	0	120
3151	3152	20	20	40	0	80
3152	3153	50	40	10	0	100
3153	3154	0	60	60	0	120
3154	3155	48	8	40	0	96
3155	3156	15	0	35	0	50
3156	3157	30	0	30	0	60
3157	3158	0	60	60	0	120
